Ionic Liquid,T0_1s,lnA,Ea(kJ/mol),Cations,Anions,SMILES,conductivity(S/m)
"(((oxybis(ethane-2,1-diyl))bis(oxy))bis(ethane-2,1-diyl))bis(diethylsulfonium) bis(trifluoromethylsulfonyl)imide",139.7115566,5.997390821,10.61644972,"(((oxybis(ethane-2,1-diyl))bis(oxy))bis(ethane-2,1-diyl))bis(diethylsulfonium)",bis(trifluoromethylsulfonyl)imide,C(COCCOCC[S+](CC)CC)OCC[S+](CC)CC|C(F)(F)(F)S(=O)(=O)[N-]S(=O)(=O)C(F)(F)F,0.13
"(((oxybis(ethane-2,1-diyl))bis(oxy))bis(ethane-2,1-diyl))bis(diethylsulfonium) dicyanamide",260.1709147,1.739038527,1.155790329,"(((oxybis(ethane-2,1-diyl))bis(oxy))bis(ethane-2,1-diyl))bis(diethylsulfonium)",dicyanamide,C(COCCOCC[S+](CC)CC)OCC[S+](CC)CC|C(#N)[N-]C#N,0.143
"((ethane-1,2-diylbis(oxy))bis(ethane-2,1-diyl))bis(diethylsulfonium) bis(trifluoromethylsulfonyl)imide",266.1803451,0.300511256,0.72706267,"((ethane-1,2-diylbis(oxy))bis(ethane-2,1-diyl))bis(diethylsulfonium)",bis(trifluoromethylsulfonyl)imide,C(C[S+](CC)CC)OCCOCC[S+](CC)CC|C(F)(F)(F)S(=O)(=O)[N-]S(=O)(=O)C(F)(F)F,0.091
"((ethane-1,2-diylbis(oxy))bis(ethane-2,1-diyl))bis(diethylsulfonium) dicyanamide",14.4477459,13.48594997,38.35510379,"((ethane-1,2-diylbis(oxy))bis(ethane-2,1-diyl))bis(diethylsulfonium)",dicyanamide,C(C[S+](CC)CC)OCCOCC[S+](CC)CC|C(#N)[N-]C#N,0.067
"(3,6,9,12-tetraoxatetradecane-1,14-diyl)bis(diethylsulfonium) bis(trifluoromethylsulfonyl)imide",112.7665501,6.629844936,12.42822615,"(3,6,9,12-tetraoxatetradecane-1,14-diyl)bis(diethylsulfonium)",bis(trifluoromethylsulfonyl)imide,C(C[S+](CC)CC)OCCOCCOCCOCC[S+](CC)CC|C(F)(F)(F)S(=O)(=O)[N-]S(=O)(=O)C(F)(F)F,0.238
"(3,6,9,12-tetraoxatetradecane-1,14-diyl)bis(diethylsulfonium) dicyanamide",158.9109487,5.520212691,7.655800987,"(3,6,9,12-tetraoxatetradecane-1,14-diyl)bis(diethylsulfonium)",dicyanamide,C(C[S+](CC)CC)OCCOCCOCCOCC[S+](CC)CC|C(#N)[N-]C#N,0.339
(3-aminopropyl)tributylphosphonium L-alaninate,219.5807424,0.628692595,3.147804791,(3-aminopropyl)tributylphosphonium,L-alaninate,CCCC[P+](CCCC)(CCCC)CCCN|C[C@@H](C(=O)[O-])N,0.01405
(3-aminopropyl)tributylphosphonium L-leucinate,186.7243588,2.147420238,6.4591163,(3-aminopropyl)tributylphosphonium,L-leucinate,CCCC[P+](CCCC)(CCCC)CCCN|CC(C)C[C@@H](C(=O)[O-])N,0.008
(3-aminopropyl)tributylphosphonium L-valinate,179.5769324,2.562595606,7.072881485,(3-aminopropyl)tributylphosphonium,L-valinate,CCCC[P+](CCCC)(CCCC)CCCN|CC(C)[C@@H](C(=O)[O-])N,0.00815
"(oxybis(ethane-2,1-diyl))bis(diethyl sulfonium) dicyanamide",214.1251505,3.987266722,3.961660056,"(oxybis(ethane-2,1-diyl))bis(diethyl sulfonium)",dicyanamide,C(C)[S+](CCOCC[S+](CC)CC)CC|C(#N)[N-]C#N,0.187
"(oxybis(ethane-2,1-diyl))bis(diethyl sulfonium) bis((trifluoromethyl)sulfonyl) amide",233.1332308,1.81475852,1.696846254,"(oxybis(ethane-2,1-diyl))bis(diethyl sulfonium)",bis((trifluoromethyl)sulfonyl) amide,C(C)[S+](CCOCC[S+](CC)CC)CC|C(F)(F)(F)S(=O)(=O)[N-]S(=O)(=O)C(F)(F)F,0.25
"1,1'-(((oxybis(ethane-2,1-diyl))bis(oxy))bis(ethane-2,1-diyl))bis(1-methylpyrrolidin-1-ium) dicyanamide",51.23879972,9.276782293,21.89779528,"1,1'-(((oxybis(ethane-2,1-diyl))bis(oxy))bis(ethane-2,1-diyl))bis(1-methylpyrrolidin-1-ium)",dicyanamide,C[N+]1(CCCC1)CCOCCOCCOCC[N+]2(CCCC2)C|C(#N)[N-]C#N,0.252
"1,1'-((ethane-1,2-diylbis(oxy))bis(ethane-2,1-diyl))bis(1-methylpyrrolidin-1-ium) bis(trifluoromethylsulfonyl)imide",218.5883781,2.080103282,2.706950003,"1,1'-((ethane-1,2-diylbis(oxy))bis(ethane-2,1-diyl))bis(1-methylpyrrolidin-1-ium)",bis(trifluoromethylsulfonyl)imide,C[N+]1(CCCC1)CCOCCOCC[N+]2(CCCC2)C|C(F)(F)(F)S(=O)(=O)[N-]S(=O)(=O)C(F)(F)F,0.134
"1,1'-((ethane-1,2-diylbis(oxy))bis(ethane-2,1-diyl))bis(1-methylpyrrolidin-1-ium) dicyanamide",69.79460969,9.152468768,20.22805475,"1,1'-((ethane-1,2-diylbis(oxy))bis(ethane-2,1-diyl))bis(1-methylpyrrolidin-1-ium)",dicyanamide,C[N+]1(CCCC1)CCOCCOCC[N+]2(CCCC2)C|C(#N)[N-]C#N,0.219
"1,1'-(3,6,9,12-tetraoxatetradecane-1,14-diyl)bis(1-methylpyrrolidin-1-ium) dicyanamide",26.7003557,11.3141352,29.88732079,"1,1'-(3,6,9,12-tetraoxatetradecane-1,14-diyl)bis(1-methylpyrrolidin-1-ium)",dicyanamide,C(COCCOCCOCC[N+]1(CCCC1)C)OCC[N+]2(CCCC2)C|C(#N)[N-]C#N,0.145
"1,1'-(oxybis(ethane-2,1-diyl))bis(1-methylpyrrolidin-1-ium) bis(trifluoromethylsulfonyl)imide",146.9776212,5.838376091,10.00198344,"1,1'-(oxybis(ethane-2,1-diyl))bis(1-methylpyrrolidin-1-ium)",bis(trifluoromethylsulfonyl)imide,C[N+]1(CCCC1)CCOCC[N+]2(CCCC2)C|C(F)(F)(F)S(=O)(=O)[N-]S(=O)(=O)C(F)(F)F,0.121
"1,1'-(oxybis(ethane-2,1-diyl))bis(1-methylpyrrolidin-1-ium) dicyanamide",246.3239833,3.39796403,2.848476826,"1,1'-(oxybis(ethane-2,1-diyl))bis(1-methylpyrrolidin-1-ium)",dicyanamide,C[N+]1(CCCC1)CCOCC[N+]2(CCCC2)C|C(#N)[N-]C#N,0.042
"1,1,3,3-tetramethyl-4-butylguanidinium bromotrichloroferrate(III)",267.1606035,-1.807424093,0.123063656,"1,1,3,3-tetramethyl-4-butylguanidinium",bromotrichloroferrate(III),CCCCNC(=[N+](C)C)N(C)C|[Cl-].[Cl-].[Cl-].[Fe+3],0.1037
"1,1,3,3-tetramethyl-4-ethylguanidinium bromotrichloroferrate(III)",258.7625366,-1.662419424,0.067790954,"1,1,3,3-tetramethyl-4-ethylguanidinium",bromotrichloroferrate(III),CCNC(=[N+](C)C)N(C)C|[Cl-].[Cl-].[Cl-].[Fe+3],0.155
"1,1,3,3-tetramethyl-4-hexylguanidinium bromotrichloroferrate(III)",258.8992958,-1.737225137,0.287792747,"1,1,3,3-tetramethyl-4-hexylguanidinium",bromotrichloroferrate(III),C(N(C)C)(N(C)C)=[N+](CCCCCC)|[Cl-].[Cl-].[Cl-].[Fe+3],0.0737
"1,1,3,3-tetramethyl-4-octylguanidinium bromotrichloroferrate(III)",254.2968646,-1.718841284,0.402043439,"1,1,3,3-tetramethyl-4-octylguanidinium",bromotrichloroferrate(III),C(N(C)C)(N(C)C)=[N+](CCCCCCCC)|[Cl-].[Cl-].[Cl-].[Fe+3],0.0601
"1,1-(((oxybis(ethane-2,1-diyl))bis(oxy))bis(ethane-2,1-diyl))bis(1-methylpyrrolidin-1-ium) bis(trifluoromethylsulfonyl)imide",127.8783777,5.242542259,10.69931474,"1,1-(((oxybis(ethane-2,1-diyl))bis(oxy))bis(ethane-2,1-diyl))bis(1-methylpyrrolidin-1-ium)",bis(trifluoromethylsulfonyl)imide,C[N+]1(CCCC1)CCOCCOCCOCC[N+]2(CCCC2)C|C(F)(F)(F)S(=O)(=O)[N-]S(=O)(=O)C(F)(F)F,0.099
"1,1-(3,6,9,12-tetraoxatetradecane-1,14-diyl)bis(1-methylpyrrolidin-1-ium) bis(trifluoromethylsulfonyl)imide",172.3448,3.523658475,6.204222428,"1,1-(3,6,9,12-tetraoxatetradecane-1,14-diyl)bis(1-methylpyrrolidin-1-ium)",bis(trifluoromethylsulfonyl)imide,C(COCCOCCOCC[N+]1(CCCC1)C)OCC[N+]2(CCCC2)C|C(F)(F)(F)S(=O)(=O)[N-]S(=O)(=O)C(F)(F)F,0.094
"1,2-dimethyl-3-propylimidazolium bis(trifluoromethylsulfonyl)imide",244.0512282,1.616692058,1.318798699,"1,2-dimethyl-3-propylimidazolium",bis(trifluoromethylsulfonyl)imide,CCCN1C=C[N+](=C1C)C|C(F)(F)(F)S(=O)(=O)[N-]S(=O)(=O)C(F)(F)F,0.265
"1,2-dimethyl-3-propylimidazolium bis[(trifluoromethyl)sulfonyl]imide",236.8719741,1.959310278,1.677781086,"1,2-dimethyl-3-propylimidazolium",bis[(trifluoromethyl)sulfonyl]imide,CCCN1C=C[N+](=C1C)C|C(F)(F)(F)S(=O)(=O)[N-]S(=O)(=O)C(F)(F)F,0.265
"1,2-dimethyl-3-propylimidazolium thiocyanate",188.1375397,4.920533539,5.212924782,"1,2-dimethyl-3-propylimidazolium",thiocyanate,CCCN1C=C[N+](=C1C)C|C(#N)[S-],0.459
"1,3-dimethylimidazolium acetate",137.9758328,-0.011401498,1.655205141,"1,3-dimethylimidazolium",acetate,CN1C=C[N+](=C1)C|CC(=O)[O-],0.286
"1,3-dimethylimidazolium bis((trifluoromethyl)sulfonyl)amide",171.5828901,4.076475632,4.395243011,"1,3-dimethylimidazolium",bis((trifluoromethyl)sulfonyl)amide,CN1C=C[N+](=C1)C|C(F)(F)(F)S(=O)(=O)[N-]S(=O)(=O)C(F)(F)F,0.9
"1,3-dimethylimidazolium bis(trifluoromethylsulfonyl)imide",152.5998913,4.615927995,5.791968354,"1,3-dimethylimidazolium",bis(trifluoromethylsulfonyl)imide,CN1C=C[N+](=C1)C|C(F)(F)(F)S(=O)(=O)[N-]S(=O)(=O)C(F)(F)F,0.9
"1,3-dimethylimidazolium methylsulfate",190.1376827,3.668480173,4.091692829,"1,3-dimethylimidazolium",methylsulfate,CN1C=C[N+](=C1)C|COS(=O)(=O)[O-],0.392
1-(2-ethoxyethyl)-1-methylpyrrolidinium bis(trifluoromethylsulfonyl)imide,193.819629,1.247410476,2.015933588,1-(2-ethoxyethyl)-1-methylpyrrolidinium,bis(trifluoromethylsulfonyl)imide,CCOCC[N+]1(CCCC1)C|C(F)(F)(F)S(=O)(=O)[N-]S(=O)(=O)C(F)(F)F,0.341
1-(2-ethoxyethyl)-3-ethylimidazolium perrhenate,227.6523217,1.123166437,1.835255417,1-(2-ethoxyethyl)-3-ethylimidazolium,perrhenate,CCCCC[N+]1=CN(C=C1)CC|[O-][Re](=O)(=O)=O,0.134
1-(2-ethoxyethyl)-3-methylimidazolium bis(trifluoromethylsulfonyl)imide,203.017213,1.283694762,1.729323141,1-(2-ethoxyethyl)-3-methylimidazolium,bis(trifluoromethylsulfonyl)imide,CCOCCN1C=C[N+](=C1)C|C(F)(F)(F)S(=O)(=O)[N-]S(=O)(=O)C(F)(F)F,0.402
1-(2-ethoxyethyl)pyridinium bis(trifluoromethylsulfonyl)imide,208.7694816,1.204173647,1.713420977,1-(2-ethoxyethyl)pyridinium,bis(trifluoromethylsulfonyl)imide,CCOCC[N+]1=CC=CC=C1|C(F)(F)(F)S(=O)(=O)[N-]S(=O)(=O)C(F)(F)F,0.334
1-(2-hydroxyethyl)-1-methylpyrrolidin-1-ium bis(trifluoromethylsulfonyl)imide,144.5843686,4.702533661,7.776168219,1-(2-hydroxyethyl)-1-methylpyrrolidin-1-ium,bis(trifluoromethylsulfonyl)imide,C[N+]1(CCCC1)CCO|C(F)(F)(F)S(=O)(=O)[N-]S(=O)(=O)C(F)(F)F,0.23
1-(2-hydroxyethyl)-3-methylimidazolium bis(trifluoromethylsulfonyl)imide,156.8845371,4.103457469,5.933271189,1-(2-hydroxyethyl)-3-methylimidazolium,bis(trifluoromethylsulfonyl)imide,C[N+]1=CN(C=C1)CCO|C(F)(F)(F)S(=O)(=O)[N-]S(=O)(=O)C(F)(F)F,0.481
1-(2-hydroxyethyl)-3-methylimidazolium bis[(trifluoromethyl)sulfonyl]imide,193.2604878,3.933604245,4.444822062,1-(2-hydroxyethyl)-3-methylimidazolium,bis[(trifluoromethyl)sulfonyl]imide,C[N+]1=CN(C=C1)CCO|C(F)(F)(F)S(=O)(=O)[N-]S(=O)(=O)C(F)(F)F,0.305
1-(2-hydroxyethyl)-3-methylimidazolium nonafluoro-1-butanesulfonate,125.9358304,7.807129715,15.87340436,1-(2-hydroxyethyl)-3-methylimidazolium,nonafluoro-1-butanesulfonate,C[N+]1=CN(C=C1)CCO|C(C(C(F)(F)S(=O)(=O)[O-])(F)F)(C(F)(F)F)(F)F,0.0385
1-(2-hydroxyethyl)-3-methylimidazolium perfluoropentanoate,158.2332173,6.743188594,11.85492538,1-(2-hydroxyethyl)-3-methylimidazolium,perfluoropentanoate,C[N+]1=CN(C=C1)CCO|C(=O)(C(C(C(C(F)(F)F)(F)F)(F)F)(F)F)[O-],0.0315
1-(2-hydroxyethyl)-pyridinium bis(trifluoromethylsulfonyl)imide,189.7697871,4.124759109,5.027521134,1-(2-hydroxyethyl)-pyridinium,bis(trifluoromethylsulfonyl)imide,C1=CC=[N+](C=C1)CCO|C(F)(F)(F)S(=O)(=O)[N-]S(=O)(=O)C(F)(F)F,0.233
1-(2-methoxyethyl)-1-methylpiperidinium bis(trifluoromethylsulfonyl)imide,172.3448,1.700680477,3.44025092,1-(2-methoxyethyl)-1-methylpiperidinium,bis(trifluoromethylsulfonyl)imide,C[N+]1(CCCCC1)CCOC|C(F)(F)(F)S(=O)(=O)[N-]S(=O)(=O)C(F)(F)F,0.209
1-(2-methoxyethyl)-1-methylpyrrolidinium bis((trifluoromethyl)sulfonyl)amide,250.6842553,0.216694075,0.500063247,1-(2-methoxyethyl)-1-methylpyrrolidinium,bis((trifluoromethyl)sulfonyl)amide,C[N+]1(CCCC1)CCOC|C(F)(F)(F)S(=O)(=O)[N-]S(=O)(=O)C(F)(F)F,0.345
1-(2-methoxyethyl)-1-methylpyrrolidinium bis(trifluoromethylsulfonyl)imide,195.1715675,1.16911856,1.843158234,1-(2-methoxyethyl)-1-methylpyrrolidinium,bis(trifluoromethylsulfonyl)imide,C[N+]1(CCCC1)CCOC|C(F)(F)(F)S(=O)(=O)[N-]S(=O)(=O)C(F)(F)F,0.388
1-(2-methoxyethyl)-3-ethylimidazolium perrhenate,216.9615137,1.55959594,2.369557134,1-(2-methoxyethyl)-3-ethylimidazolium,perrhenate,CCN1C=C[N+](=C1)CCOC|[O-][Re](=O)(=O)=O,0.142
1-(2-methoxyethyl)-3-methyl-1H-imidazolium bis(trifluoromethylsulfonyl)imide,201.3509304,1.486476001,1.805790802,1-(2-methoxyethyl)-3-methyl-1H-imidazolium,bis(trifluoromethylsulfonyl)imide,C[N+]1=CN(C=C1)CCOC|C(F)(F)(F)S(=O)(=O)[N-]S(=O)(=O)C(F)(F)F,0.468
1-(2-methoxyethyl)pyridinium bis(trifluoromethylsulfonyl)imide,213.2269642,1.323904908,1.625509641,1-(2-methoxyethyl)pyridinium,bis(trifluoromethylsulfonyl)imide,COCC[N+]1=CC=CC=C1|C(F)(F)(F)S(=O)(=O)[N-]S(=O)(=O)C(F)(F)F,0.379
1-(2-propoxyethyl)pyridinium bis(trifluoromethylsulfonyl)imide,206.9029596,1.235595138,1.949786136,1-(2-propoxyethyl)pyridinium,bis(trifluoromethylsulfonyl)imide,CCCOCC[N+]1=CC=CC=C1|C(F)(F)(F)S(=O)(=O)[N-]S(=O)(=O)C(F)(F)F,0.261
1-(3-((3-butoxy-2-hydroxypropyl)amino)propyl)-1H-imidazol-3-ium ethanesulfonate,182.2829426,1.769442854,6.005751782,1-(3-((3-butoxy-2-hydroxypropyl)amino)propyl)-1H-imidazol-3-ium,ethanesulfonate,C(CCCCC(O[H])CN(CCC[N]1C=C[N+](=C1)[H])[H])C|CCS(=O)(=O)[O-],0.01150474
1-(3-cyanopropyl)-3-methylimidazolium cyanocyanamide,249.4218627,3.520285347,1.774710275,1-(3-cyanopropyl)-3-methylimidazolium,cyanocyanamide,C[N+]1=CN(C=C1)CCCC#N|C(#N)NC#N,0.423011739
1-(3-methoxypropyl)-1-methylpyrrolidinium bis(trifluoromethylsulfonyl)imide,186.1702302,1.451516925,2.560561617,1-(3-methoxypropyl)-1-methylpyrrolidinium,bis(trifluoromethylsulfonyl)imide,C[N+]1(CCCC1)CCCOC|C(F)(F)(F)S(=O)(=O)[N-]S(=O)(=O)C(F)(F)F,0.273
1-(3-methoxypropyl)pyridinium bis(trifluoromethylsulfonyl)imide,198.9118133,1.432518072,2.131642669,1-(3-methoxypropyl)pyridinium,bis(trifluoromethylsulfonyl)imide,COCCC[N+]1=CC=CC=C1|C(F)(F)(F)S(=O)(=O)[N-]S(=O)(=O)C(F)(F)F,0.314
1-(ethoxymethyl)-1-methylpyrrolidinium bis(trifluoromethylsulfonyl)imide,191.0696339,1.254466991,1.701070838,1-(ethoxymethyl)-1-methylpyrrolidinium,bis(trifluoromethylsulfonyl)imide,COC[N+]1(CCCC1)C|C(F)(F)(F)S(=O)(=O)[N-]S(=O)(=O)C(F)(F)F,0.514
1-(ethoxymethyl)pyridinium bis(trifluoromethylsulfonyl)imide,207.3313708,1.409210457,1.726301746,1-(ethoxymethyl)pyridinium,bis(trifluoromethylsulfonyl)imide,CCOC[N+]1=CC=CC=C1|C(F)(F)(F)S(=O)(=O)[N-]S(=O)(=O)C(F)(F)F,0.414
1-(methoxymethyl)-1-methylpyrrolidinium bis(fluorosulfonyl)amide,146.8009828,4.118057243,5.141725846,1-(methoxymethyl)-1-methylpyrrolidinium,bis(fluorosulfonyl)amide,C[N+]1(CCCC1)COC|[N-](S(=O)(=O)F)S(=O)(=O)F,1.033
1-(methoxymethyl)-3-methylimidazolium bis(trifluoromethylsulfonyl)imide,214.8215547,1.492602462,1.58407828,1-(methoxymethyl)-3-methylimidazolium,bis(trifluoromethylsulfonyl)imide,C[N+]1=CN(C=C1)COC|C(F)(F)(F)S(=O)(=O)[N-]S(=O)(=O)C(F)(F)F,0.456
1-(methoxymethyl)pyridinium bis(trifluoromethylsulfonyl)imide,199.2939913,1.757120055,2.084700687,1-(methoxymethyl)pyridinium,bis(trifluoromethylsulfonyl)imide,COC[N+]1=CC=CC=C1|C(F)(F)(F)S(=O)(=O)[N-]S(=O)(=O)C(F)(F)F,0.458
1-allyl-3-(2-methoxyethyl)-1H-imidazol-3-ium bis((trifluoromethyl)sulfonyl)amide,138.5572095,4.699605348,7.50517466,1-allyl-3-(2-methoxyethyl)-1H-imidazol-3-ium,bis((trifluoromethyl)sulfonyl)amide,C=CCN1C=C[N+](=C1)CCO|C(F)(F)(F)S(=O)(=O)[N-]S(=O)(=O)C(F)(F)F,0.384135161
1-allyl-3-(2-methoxyethyl)-1H-imidazol-3-ium bis(trifluoromethylsulfonyl)imide,138.5572095,4.699605348,7.50517466,1-allyl-3-(2-methoxyethyl)-1H-imidazol-3-ium,bis(trifluoromethylsulfonyl)imide,C=CCN1C=C[N+](=C1)CCO|C(F)(F)(F)S(=O)(=O)[N-]S(=O)(=O)C(F)(F)F,0.384135161
1-allyl-3-methylimidazolium chloride,295.6475692,-5.280876638,-0.0055303,1-allyl-3-methylimidazolium,chloride,C[N+]1=CN(C=C1)CC=C|[Cl-],0.00695
1-butyl-1-methylpiperidin-1-ium butyl phosphonate,172.3448,1.68342459,5.397856803,1-butyl-1-methylpiperidin-1-ium,butyl phosphonate,CCCC[N+]1(CCCCC1)C|CCCCOP([O-])([H])=O,0.031
1-butyl-1-methylpiperidinium bis(trifluoromethanesulfonyl)imide,177.6677449,4.316701162,6.308549309,1-butyl-1-methylpiperidinium,bis(trifluoromethanesulfonyl)imide,CCCC[N+]1(CCCCC1)C|C(F)(F)(F)S(=O)(=O)NS(=O)(=O)C(F)(F)F,0.139
1-butyl-1-methylpiperidinium bis(trifluoromethylsulfonyl)imide,177.6677449,4.316701162,6.308549309,1-butyl-1-methylpiperidinium,bis(trifluoromethylsulfonyl)imide,CCCC[N+]1(CCCCC1)C|C(F)(F)(F)S(=O)(=O)[N-]S(=O)(=O)C(F)(F)F,0.139
1-butyl-1-methylpiperidinium phenyltrifluoroborate,122.631668,9.129346216,18.80223717,1-butyl-1-methylpiperidinium,phenyltrifluoroborate,CCCC[N+]1(CCCCC1)C|F[B-](F)(F)C1=CC=CC=C1,0.023390291
1-butyl-1-methylpyrrolidin-1-ium butyl phosphonate,172.3448,2.298922723,6.172851325,1-butyl-1-methylpyrrolidin-1-ium,butyl phosphonate,CCCC[N+]1(CCCC1)C|CCCCOP([O-])([H])=O,0.027
1-butyl-1-methylpyrrolidinium bis(fluorosulfonyl)amide,217.4389541,2.547845893,1.914304918,1-butyl-1-methylpyrrolidinium,bis(fluorosulfonyl)amide,CCCC[N+]1(C)CCCC1|[N-](S(=O)(=O)F)S(=O)(=O)F,0.619
1-butyl-1-methylpyrrolidinium bis(trifluoromethylsulfonyl)imide,178.1910793,3.821781228,5.093649209,1-butyl-1-methylpyrrolidinium,bis(trifluoromethylsulfonyl)imide,CCCC[N+]1(C)CCCC1|C(F)(F)(F)S(=O)(=O)[N-]S(=O)(=O)C(F)(F)F,0.28
1-butyl-1-methylpyrrolidinium bis[(trifluoromethyl)sulfonyl]imide,185.3505224,3.546291149,4.486380063,1-butyl-1-methylpyrrolidinium,bis[(trifluoromethyl)sulfonyl]imide,CCCC[N+]1(C)CCCC1|C(F)(F)(F)S(=O)(=O)[N-]S(=O)(=O)C(F)(F)F,0.22
1-butyl-1-methylpyrrolidinium dicyanamide,168.7735119,4.4069028,4.498519223,1-butyl-1-methylpyrrolidinium,dicyanamide,CCCC[N+]1(C)CCCC1|C(#N)[N-]C#N,1.315
1-butyl-1-methylpyrrolidinium phenyltrifluoroborate,167.0433327,5.261544986,8.124069058,1-butyl-1-methylpyrrolidinium,phenyltrifluoroborate,CCCC[N+]1(C)CCCC1|F[B-](F)(F)C1=CC=CC=C1,0.111739285
1-butyl-1-methylpyrrolidinium tris(pentafluoroethyl)trifluorophosphate,210.7325377,2.640281102,3.500972763,1-butyl-1-methylpyrrolidinium,tris(pentafluoroethyl)trifluorophosphate,CCCC[N+]1(C)CCCC1|C(C(F)(F)[P-](C(C(F)(F)F)(F)F)(C(C(F)(F)F)(F)F)(F)(F)F)(F)(F)F,0.113
"1-butyl-2,3-dimethyl-1H-imidazolium bis(trifluoromethylsulfonyl)amide",192.0026369,3.562464681,4.444521594,"1-butyl-2,3-dimethyl-1H-imidazolium",bis(trifluoromethylsulfonyl)amide,CCCCN1C=C[N+](=C1C)C|C(F)(F)(F)S(=O)(=O)[N-]S(=O)(=O)C(F)(F)F,0.23
"1-butyl-2,3-dimethyl-1H-imidazolium bis(trifluoromethylsulfonyl)imide",189.167847,3.711992317,4.704623592,"1-butyl-2,3-dimethyl-1H-imidazolium",bis(trifluoromethylsulfonyl)imide,CCCCN1C=C[N+](=C1C)C|C(F)(F)(F)S(=O)(=O)[N-]S(=O)(=O)C(F)(F)F,0.222
"1-butyl-2,3-dimethylimidazolium azide",216.0802595,5.023121193,5.822172539,"1-butyl-2,3-dimethylimidazolium",azide,CCCCN1C=C[N+](=C1C)C|[N-]=[N+]=[N-],0.029906269
"1-butyl-2,3-dimethylimidazolium hydrogen sulfate",195.0460245,4.286483298,5.649376609,"1-butyl-2,3-dimethylimidazolium",hydrogen sulfate,CCCCN1C=C[N+](=C1C)C|OS(=O)(=O)[O-],0.1
"1-butyl-2,3-dimethylimidazolium tetrafluoroborate",174.0207532,6.43623159,9.679529467,"1-butyl-2,3-dimethylimidazolium",tetrafluoroborate,CCCCN1C=C[N+](=C1C)C|[B-](F)(F)(F)F,0.052704129
"1-butyl-2,3-dimethylimidazolium thiocyanate",199.8983464,4.763285665,5.143276178,"1-butyl-2,3-dimethylimidazolium",thiocyanate,CCCCN1C=C[N+](=C1C)C|C(#N)[S-],0.217
"1-butyl-2,3-dimethylpyridinium bis(trifluoromethylsulfonyl)imide",185.5469143,4.139133538,5.624250164,"1-butyl-2,3-dimethylpyridinium",bis(trifluoromethylsulfonyl)imide,CCCC[N+]1=CC=CC(=C1C)C|C(F)(F)(F)S(=O)(=O)[N-]S(=O)(=O)C(F)(F)F,0.1541
1-butyl-2-methylpyridinium tetrafluoroborate,194.1852203,5.02723211,6.32218851,1-butyl-2-methylpyridinium,tetrafluoroborate,CCCC[N+]1=CC=CC=C1C|[B-](F)(F)(F)F,0.1012
"1-butyl-3,5-dimethylpyridinium bis(trifluoromethylsulfonyl)imide",175.2068941,4.21870501,5.964315712,"1-butyl-3,5-dimethylpyridinium",bis(trifluoromethylsulfonyl)imide,CCCC[N+]1=CC(=CC(=C1)C)C|C(F)(F)(F)S(=O)(=O)[N-]S(=O)(=O)C(F)(F)F,0.1984
1-butyl-3-ethylimidazolium bromide,172.3448,6.685996765,10.09032832,1-butyl-3-ethylimidazolium,bromide,CCCC[N+]1=CN(C=C1)CC|[Br-],0.0502
1-butyl-3-isopentylimidazolium bis((trifluoromethyl)sulfonyl)amide,173.8183307,3.961499461,6.091660965,1-butyl-3-isopentylimidazolium,bis((trifluoromethyl)sulfonyl)amide,CCCC[N+]1=CN(C=C1)CCC(C)C|C(F)(F)(F)S(=O)(=O)[N-]S(=O)(=O)C(F)(F)F,0.145
1-butyl-3-isopentylimidazolium bis(trifluoromethylsulfonyl)imide,173.8183307,3.961499461,6.091660965,1-butyl-3-isopentylimidazolium,bis(trifluoromethylsulfonyl)imide,CCCC[N+]1=CN(C=C1)CCC(C)C|C(F)(F)(F)S(=O)(=O)[N-]S(=O)(=O)C(F)(F)F,0.145
1-butyl-3-methyl-1H-imidazol-3-ium (3-cyanophenyl)trifluoroborate,208.5294047,4.471055362,5.512545781,1-butyl-3-methyl-1H-imidazol-3-ium,(3-cyanophenyl)trifluoroborate,CCCCN1C=C[N+](=C1)C|[B-](C1=CC(=CC=C1)C#N)(F)(F)F,0.053542156
1-butyl-3-methyl-1H-imidazol-3-ium (4-cyanophenyl)trifluoroborate,97.51785602,7.459027305,16.13061735,1-butyl-3-methyl-1H-imidazol-3-ium,(4-cyanophenyl)trifluoroborate,CCCCN1C=C[N+](=C1)C|[B-](C1=CC=C(C=C1)C#N)(F)(F)F,0.109559884
1-butyl-3-methyl-1H-imidazol-3-ium trifluoro(2-fluorophenyl)borate,112.6448863,7.539687241,14.61591403,1-butyl-3-methyl-1H-imidazol-3-ium,trifluoro(2-fluorophenyl)borate,CCCCN1C=C[N+](=C1)C|[B-](C1=CC=CC=C1F)(F)(F)F,0.14412462
1-butyl-3-methyl-1H-imidazol-3-ium trifluoro(3-(trifluoromethyl)phenyl)borate,112.6448863,7.539687241,14.61591403,1-butyl-3-methyl-1H-imidazol-3-ium,trifluoro(3-(trifluoromethyl)phenyl)borate,CCCCN1C=C[N+](=C1)C|FC(F)(F)C1=CC([B-](F)(F)F)=CC=C1,0.14412462
1-butyl-3-methyl-1H-imidazol-3-ium trifluoro(3-fluorophenyl)borate,170.5414139,4.988035562,6.956246867,1-butyl-3-methyl-1H-imidazol-3-ium,trifluoro(3-fluorophenyl)borate,CCCCN1C=C[N+](=C1)C|[B-](C1=CC(=CC=C1)F)(F)(F)F,0.208323993
1-butyl-3-methyl-1H-imidazol-3-ium trifluoro(3-methoxyphenyl)borate,97.51785602,7.459027305,16.13061735,1-butyl-3-methyl-1H-imidazol-3-ium,trifluoro(3-methoxyphenyl)borate,CCCCN1C=C[N+](=C1)C|[B-](C1=CC(=CC=C1)OC)(F)(F)F,0.109559884
1-butyl-3-methyl-1H-imidazol-3-ium trifluoro(4-(trifluoromethyl)phenyl)borate,184.1639759,4.268649601,6.256121577,1-butyl-3-methyl-1H-imidazol-3-ium,trifluoro(4-(trifluoromethyl)phenyl)borate,CCCCN1C=C[N+](=C1)C|[B-](C1=CC=C(C=C1)C(F)(F)F)(F)(F)F,0.097017444
1-butyl-3-methyl-1H-imidazol-3-ium trifluoro(4-fluorophenyl)borate,112.6448863,7.539687241,14.61591403,1-butyl-3-methyl-1H-imidazol-3-ium,trifluoro(4-fluorophenyl)borate,CCCCN1C=C[N+](=C1)C|[B-](C1=CC=C(C=C1)F)(F)(F)F,0.14412462
1-butyl-3-methyl-1H-imidazol-3-ium trifluoro(4-methoxyphenyl)borate,182.6919259,5.594376346,8.25547789,1-butyl-3-methyl-1H-imidazol-3-ium,trifluoro(4-methoxyphenyl)borate,CCCCN1C=C[N+](=C1)C|[B-](C1=CC=C(C=C1)OC)(F)(F)F,0.049498617
1-butyl-3-methyl-1H-imidazolium (S)-2-amino-3-carboxypropanoate,172.3448,3.874651027,6.902515089,1-butyl-3-methyl-1H-imidazolium,(S)-2-amino-3-carboxypropanoate,CCCC[NH+]1CN(C=C1)C|C([C@@H](C(=O)[O-])N)C(=O)O.C([C@@H](C(=O)[O-])N)C(=O)O,0.075
1-butyl-3-methylimidazolium L-serinate,114.0439336,11.97407762,26.8100033,1-butyl-3-methylimidazolium,L-serinate,CCCCn1cc[n+](C)c1|C(C(C(=O)[O-])N)O,0.00395
1-butyl-3-methylimidazolium acetate,203.3093328,4.133056187,5.611902077,1-butyl-3-methylimidazolium,acetate,CCCCn1cc[n+](C)c1|CC(=O)[O-],0.049
1-butyl-3-methylimidazolium bis(fluorosulfonyl)imide,160.7852758,4.378635756,5.241276048,1-butyl-3-methylimidazolium,bis(fluorosulfonyl)imide,CCCCn1cc[n+](C)c1|N(S(=O)(=O)F)S(=O)(=O)F,0.816
1-butyl-3-methylimidazolium bis(perfluoroethylsulfonyl)imide,170.0136719,4.203700502,6.521855336,1-butyl-3-methylimidazolium,bis(perfluoroethylsulfonyl)imide,CCCCn1cc[n+](C)c1|C(C(F)(F)S(=O)(=O)[N-]S(=O)(=O)C(C(F)(F)F)(F)F)(F)(F)F,0.15
1-butyl-3-methylimidazolium bis(trifluoromethylsulfonyl)imide,154.3167507,4.631947521,6.647433031,1-butyl-3-methylimidazolium,bis(trifluoromethylsulfonyl)imide,CCCCn1cc[n+](C)c1|C(F)(F)(F)S(=O)(=O)[N-]S(=O)(=O)C(F)(F)F,0.401
1-butyl-3-methylimidazolium diacetoxydifluoroborate,189.55051,4.836716333,6.471510938,1-butyl-3-methylimidazolium,diacetoxydifluoroborate,CCCCn1cc[n+](C)c1|[B-](OC(=O)C)(OC(=O)C)(F)F,0.09661
1-butyl-3-methylimidazolium dicyanamide,176.2239772,4.543239694,4.523843679,1-butyl-3-methylimidazolium,dicyanamide,CCCCn1cc[n+](C)c1|C(#N)[N-]C#N,1.438
1-butyl-3-methylimidazolium difluorobis(trifluoroacetato)borate,173.0535904,4.129534614,4.934980809,1-butyl-3-methylimidazolium,difluorobis(trifluoroacetato)borate,CCCCn1cc[n+](C)c1|[B-](OC(=O)C(F)(F)F)(OC(=O)C(F)(F)F)(F)F,0.5439
1-butyl-3-methylimidazolium difluoromono(malonato)borate,190.9958604,4.919621221,5.867318971,1-butyl-3-methylimidazolium,difluoromono(malonato)borate,CCCCn1cc[n+](C)c1|[B-]1(OC(=O)CC(=O)O1)(F)F,0.1886
1-butyl-3-methylimidazolium difluoromono(oxalato)borate,188.5821151,4.787601556,5.472440796,1-butyl-3-methylimidazolium,difluoromono(oxalato)borate,CCCCn1cc[n+](C)c1|[B-]1(OC(=O)C(=O)O1)(F)F,0.2976
1-butyl-3-methylimidazolium dihydrogen phosphate,159.4060363,3.273617423,4.78034725,1-butyl-3-methylimidazolium,dihydrogen phosphate,CCCCn1cc[n+](C)c1|OP(=O)(O)[O-],0.419
1-butyl-3-methylimidazolium glycinate,189.1992505,6.364670562,10.66062834,1-butyl-3-methylimidazolium,glycinate,CCCCn1cc[n+](C)c1|C(C(=O)[O-])N,0.004496704
1-butyl-3-methylimidazolium glycolate,200.4203364,5.046455704,6.731500424,1-butyl-3-methylimidazolium,glycolate,CCCCn1cc[n+](C)c1|C(C(=O)[O-])O,0.039233714
1-butyl-3-methylimidazolium hexafluoroantimonate,172.3448,4.102304851,5.68190758,1-butyl-3-methylimidazolium,hexafluoroantimonate,CCCCn1cc[n+](C)c1|F[Sb-](F)(F)(F)(F)F,0.273
1-butyl-3-methylimidazolium hexafluorophosphate,176.5735407,4.782117429,6.711603988,1-butyl-3-methylimidazolium,hexafluorophosphate,CCCCn1cc[n+](C)c1|F[P-](F)(F)(F)(F)F,0.15
1-butyl-3-methylimidazolium hydrogen carbonate,191.9825236,2.167477347,2.771475368,1-butyl-3-methylimidazolium,hydrogen carbonate,CCCCn1cc[n+](C)c1|C(=O)(O)[O-],0.376
1-butyl-3-methylimidazolium iodide,219.194055,3.654498942,4.646897001,1-butyl-3-methylimidazolium,iodide,CCCCn1cc[n+](C)c1|[I-],0.032567501
1-butyl-3-methylimidazolium lactate,197.1284664,4.965496902,7.27655889,1-butyl-3-methylimidazolium,lactate,CCCCn1cc[n+](C)c1|CC(C(=O)[O-])O,0.024768651
1-butyl-3-methylimidazolium methyl sulfate,172.3448,5.488172044,7.964998476,1-butyl-3-methylimidazolium,methyl sulfate,CCCCn1cc[n+](C)c1|O=S(OC)([O-])=O,0.099
1-butyl-3-methylimidazolium phenyltrifluoroborate,184.5227609,3.93930437,5.283548482,1-butyl-3-methylimidazolium,phenyltrifluoroborate,CCCCn1cc[n+](C)c1|F[B-](F)(F)C1=CC=CC=C1,0.191370052
1-butyl-3-methylimidazolium salicylate,258.4303448,0.736811771,1.373407947,1-butyl-3-methylimidazolium,salicylate,CCCCn1cc[n+](C)c1|C1=CC=C(C(=C1)C(=O)O)[O-],0.039
1-butyl-3-methylimidazolium taurate,223.8883413,2.772259917,4.258353707,1-butyl-3-methylimidazolium,taurate,CCCCn1cc[n+](C)c1|C(CS(=O)(=O)[O-])N,0.0161
1-butyl-3-methylimidazolium tetrafluoroborate,173.7693977,4.848737028,6.040600688,1-butyl-3-methylimidazolium,tetrafluoroborate,CCCCn1cc[n+](C)c1|[B-](F)(F)(F)F,0.35
1-butyl-3-methylimidazolium thiocyanate,272.1970959,0.943929004,0.329171316,1-butyl-3-methylimidazolium,thiocyanate,CCCCn1cc[n+](C)c1|C(#N)[S-],0.456
1-butyl-3-methylimidazolium tricyanomethane,185.8812439,3.321590271,2.92801468,1-butyl-3-methylimidazolium,tricyanomethane,CCCCn1cc[n+](C)c1|C(#N)C(C#N)C#N,1.202814163
1-butyl-3-methylimidazolium triflate,142.9805777,5.175347969,8.38313383,1-butyl-3-methylimidazolium,triflate,CCCCn1cc[n+](C)c1|C(F)(F)(F)S(=O)(=O)[O-],0.29
1-butyl-3-methylimidazolium trifluoro(2-methoxyphenyl)borate,175.6704708,7.408399583,11.89778633,1-butyl-3-methylimidazolium,trifluoro(2-methoxyphenyl)borate,CCCCn1cc[n+](C)c1|[B-](C1=CC=CC=C1OC)(F)(F)F,0.013903291
1-butyl-3-methylimidazolium trifluoroacetate,174.5970792,4.573265143,5.768567521,1-butyl-3-methylimidazolium,trifluoroacetate,CCCCn1cc[n+](C)c1|C(=O)(C(F)(F)F)[O-],0.332
1-butyl-3-methylimidazolium trifluoromethanesulfonate,143.2755196,5.162284965,8.346204421,1-butyl-3-methylimidazolium,trifluoromethanesulfonate,CCCCn1cc[n+](C)c1|C(F)(F)(F)S(=O)(=O)[O-],0.29
"1-butyl-3-methylpyridinium 1,1,1-trifluoro-N-[(trifluoromethyl)sulfonyl]methanesulfonamide",167.4220352,4.342612573,6.125942484,1-butyl-3-methylpyridinium,"1,1,1-trifluoro-N-[(trifluoromethyl)sulfonyl]methanesulfonamide",CCCC[N+]1=CC=CC(=C1)C|C(F)(F)(F)S(=O)(=O)[N-]S(=O)(=O)C(F)(F)F,0.272
1-butyl-3-methylpyridinium bis(trifluoromethylsulfonyl)imide,187.9488338,3.880819162,4.968635523,1-butyl-3-methylpyridinium,bis(trifluoromethylsulfonyl)imide,CCCC[N+]1=CC=CC(=C1)C|C(F)(F)(F)S(=O)(=O)[N-]S(=O)(=O)C(F)(F)F,0.213910541
1-butyl-3-methylpyridinium dicyanamide,187.4690028,4.507592218,4.310000272,1-butyl-3-methylpyridinium,dicyanamide,CCCC[N+]1=CC=CC(=C1)C|C(#N)[N-]C#N,0.838
1-butyl-3-methylpyridinium tetrafluoroborate,187.0172313,5.029874389,6.091991652,1-butyl-3-methylpyridinium,tetrafluoroborate,CCCC[N+]1=CC=CC(=C1)C|[B-](F)(F)(F)F,0.21
1-butyl-3-pentylimidazolium bis((trifluoromethyl)sulfonyl)imide,167.5047883,4.156995376,6.478049418,1-butyl-3-pentylimidazolium,bis((trifluoromethyl)sulfonyl)imide,CCCCC[N+]1=CN(C=C1)CCCC|C(F)(F)(F)S(=O)(=O)[N-]S(=O)(=O)C(F)(F)F,0.164
1-butyl-3-pentylimidazolium bis(trifluoromethylsulfonyl)imide,167.5047883,4.156995376,6.478049418,1-butyl-3-pentylimidazolium,bis(trifluoromethylsulfonyl)imide,CCCCC[N+]1=CN(C=C1)CCCC|C(F)(F)(F)S(=O)(=O)[N-]S(=O)(=O)C(F)(F)F,0.164
"1-butyl-4-methyl-1H-1,2,4-triazol-4-ium bis(trifluoromethylsulfonyl)imide",190.6701955,3.572413716,5.065036568,"1-butyl-4-methyl-1H-1,2,4-triazol-4-ium",bis(trifluoromethylsulfonyl)imide,CCCCN1C=[N+](C=N1)C|C(F)(F)(F)S(=O)(=O)[N-]S(=O)(=O)C(F)(F)F,0.122
1-butyl-4-methylpyridinium bis((trifluoromethyl)sulfonyl)amide,174.247407,4.147616578,5.385982367,1-butyl-4-methylpyridinium,bis((trifluoromethyl)sulfonyl)amide,CCCC[N+]1=CC=C(C=C1)C|C(F)(F)(F)S(=O)(=O)[N-]S(=O)(=O)C(F)(F)F,0.341
1-butyl-4-methylpyridinium bis(trifluoromethylsulfonyl)imide,174.247407,4.147616578,5.385982367,1-butyl-4-methylpyridinium,bis(trifluoromethylsulfonyl)imide,CCCC[N+]1=CC=C(C=C1)C|C(F)(F)(F)S(=O)(=O)[N-]S(=O)(=O)C(F)(F)F,0.341
1-butyl-4-methylpyridinium tetrafluoroborate,192.8282286,5.129271462,5.959753764,1-butyl-4-methylpyridinium,tetrafluoroborate,CCCC[N+]1=CC=C(C=C1)C|[B-](F)(F)(F)F,0.1854
1-butylpyridinium bis(trifluoromethylsulfonyl)imide,163.4708769,4.405887511,6.248354779,1-butylpyridinium,bis(trifluoromethylsulfonyl)imide,CCCC[n+]1ccccc1|C(F)(F)(F)S(=O)(=O)[N-]S(=O)(=O)C(F)(F)F,0.325
1-butylpyridinium bis[(trifluoromethyl)sulfonyl]imide,168.9846249,4.278227163,5.82727456,1-butylpyridinium,bis[(trifluoromethyl)sulfonyl]imide,CCCC[n+]1ccccc1|C(F)(F)(F)S(=O)(=O)[N-]S(=O)(=O)C(F)(F)F,0.3263
1-butylpyridinium dicyanamide,172.3448,4.507104728,4.602451296,1-butylpyridinium,dicyanamide,CCCC[n+]1ccccc1|C(#N)[N-]C#N,1.48
1-butylpyridinium phenyltrifluoroborate,182.6912101,4.385828515,5.959916372,1-butylpyridinium,phenyltrifluoroborate,CCCC[n+]1ccccc1|F[B-](F)(F)C1=CC=CC=C1,0.161555461
1-butylpyridinium tetrafluoroborate,205.9798162,3.785320855,4.002449896,1-butylpyridinium,tetrafluoroborate,CCCC[n+]1ccccc1|[B-](F)(F)(F)F,0.242
1-butylpyridinium triflate,258.0895317,0.383248315,0.52198913,1-butylpyridinium,triflate,CCCC[n+]1ccccc1|C(F)(F)(F)S(=O)(=O)[O-],0.299
1-butylpyridinium trifluoromethanesulfonate,168.5283407,4.962232916,7.035139821,1-butylpyridinium,trifluoromethanesulfonate,CCCC[n+]1ccccc1|C(F)(F)(F)S(=O)(=O)[O-],0.208912014
1-butylpyrrolidinium bis(trifluoromethylsulfonyl)imide,182.0431838,3.862343236,4.893317124,1-butylpyrrolidinium,bis(trifluoromethylsulfonyl)imide,CCCC[NH+]1CCCC1|C(F)(F)(F)S(=O)(=O)[N-]S(=O)(=O)C(F)(F)F,0.299149329
1-butyronitrile-3-methylimidazolium tetrafluoroborate,174.1181346,4.53348165,6.771603244,1-butyronitrile-3-methylimidazolium,tetrafluoroborate,C[N+]1=CN(C=C1)CCCC|[B-](F)(F)(F)F,0.123
1-cyclopentyl-3-butylimidazolium bis((trifluoromethyl)sulfonyl)imide,164.8781561,4.280007969,6.537373603,1-cyclopentyl-3-butylimidazolium,bis((trifluoromethyl)sulfonyl)imide,CCCC[N+]1=CN(C=C1)C2CCCC2|C(F)(F)(F)S(=O)(=O)[N-]S(=O)(=O)C(F)(F)F,0.197
1-cyclopentyl-3-butylimidazolium bis(trifluoromethylsulfonyl)imide,164.8781561,4.280007969,6.537373603,1-cyclopentyl-3-butylimidazolium,bis(trifluoromethylsulfonyl)imide,CCCC[N+]1=CN(C=C1)C2CCCC2|C(F)(F)(F)S(=O)(=O)[N-]S(=O)(=O)C(F)(F)F,0.197
1-decyl-3-methylimidazolium tetrafluoroborate,140.8693669,6.055840787,12.30590552,1-decyl-3-methylimidazolium,tetrafluoroborate,CCCCCCCCCCN1C=C[N+](=C1)C|[B-](F)(F)(F)F,0.0349
"1-decyl-4-methyl-1H-1,2,4-triazol-4-ium bis(trifluoromethylsulfonyl)imide",174.0517124,3.474333344,7.076947696,"1-decyl-4-methyl-1H-1,2,4-triazol-4-ium",bis(trifluoromethylsulfonyl)imide,CCCCCCCCCCN1C=[N+](C=N1)C|C(F)(F)(F)S(=O)(=O)[N-]S(=O)(=O)C(F)(F)F,0.0336
1-dodecyl-3-methyl-1H-imidazolium bis(trifluoromethylsulfonyl)imide,136.197688,2.129910094,6.661510863,1-dodecyl-3-methyl-1H-imidazolium,bis(trifluoromethylsulfonyl)imide,CCCCCCCCCCCCN1C=C[N+](=C1)C|C(F)(F)(F)S(=O)(=O)[N-]S(=O)(=O)C(F)(F)F,0.0595
1-dodecyl-3-methylimidazolium tetrafluoroborate,137.0837487,6.106459804,13.25778515,1-dodecyl-3-methylimidazolium,tetrafluoroborate,CCCCCCCCCCCCN1C=C[N+](=C1)C|[B-](F)(F)(F)F,0.022504866
"1-dodecyl-4-methyl-1H-1,2,4-triazol-4-ium bis(trifluoromethylsulfonyl)imide",177.3787456,3.642032662,7.43617098,"1-dodecyl-4-methyl-1H-1,2,4-triazol-4-ium",bis(trifluoromethylsulfonyl)imide,C[N+]1=CN(CCCCCCCCCCCC)N=C1|C(F)(F)(F)S(=O)(=O)[N-]S(=O)(=O)C(F)(F)F,0.023
1-ethyl-1-methylpiperidin-1-ium ethyl phosphonate,172.3448,1.424903727,4.156060063,1-ethyl-1-methylpiperidin-1-ium,ethyl phosphonate,CC[N+]1(CCCCC1)C|[O-]P(OCC)=O,0.078
1-ethyl-1-methylpyrrolidinium bis(trifluoromethylsulfonyl)imide,130.0063738,4.623563094,7.451292201,1-ethyl-1-methylpyrrolidinium,bis(trifluoromethylsulfonyl)imide,CC[N+]1(CCCC1)C|C(F)(F)(F)S(=O)(=O)[N-]S(=O)(=O)C(F)(F)F,0.493314593
"1-ethyl-2,3-dimethylimidazolium bis(trifluoromethylsulfonyl)imide",167.9226384,4.452396315,5.858494089,"1-ethyl-2,3-dimethylimidazolium",bis(trifluoromethylsulfonyl)imide,CCN1C=C[N+](=C1C)C|C(F)(F)(F)S(=O)(=O)[N-]S(=O)(=O)C(F)(F)F,0.383
"1-ethyl-2,3-dimethylimidazolium hydrogen sulfate",139.9928795,6.309593636,10.79019591,"1-ethyl-2,3-dimethylimidazolium",hydrogen sulfate,CCN1C=C[N+](=C1C)C|OS(=O)(=O)[O-],0.15
1-ethyl-2-methylpyridinium bis((trifluoromethyl)sulfonyl)amide,180.6522066,4.128020643,5.130187358,1-ethyl-2-methylpyridinium,bis((trifluoromethyl)sulfonyl)amide,CC[N+]1=CC=CC=C1C|C(F)(F)(F)S(=O)(=O)[N-]S(=O)(=O)C(F)(F)F,0.326
1-ethyl-2-methylpyridinium bis(trifluoromethylsulfonyl)imide,180.6522066,4.128020643,5.130187358,1-ethyl-2-methylpyridinium,bis(trifluoromethylsulfonyl)imide,CC[N+]1=CC=CC=C1C|C(F)(F)(F)S(=O)(=O)[N-]S(=O)(=O)C(F)(F)F,0.326
1-ethyl-3-methyl-1H-imidazolium bis(fluorosulfonyl)amide,136.696832,4.806129739,5.811150211,1-ethyl-3-methyl-1H-imidazolium,bis(fluorosulfonyl)amide,CC[NH+]1CN(C=C1)C|[N-](S(=O)(=O)F)S(=O)(=O)F,1.64
1-ethyl-3-methyl-1H-imidazolium tricyanomethanide,196.7749548,3.746105059,3.381619279,1-ethyl-3-methyl-1H-imidazolium,tricyanomethanide,CC[NH+]1CN(C=C1)C|C(#N)[C-](C#N)C#N,0.76
1-ethyl-3-methylimidazolium 2-(2-methoxyethoxy) ethylsulfate,191.1509185,4.059004528,5.316383665,1-ethyl-3-methylimidazolium,2-(2-methoxyethoxy) ethylsulfate,CCn1cc[n+](C)c1|COCCOCCOS(=O)(=O)[O-],0.147
1-ethyl-3-methylimidazolium 4-methylbenzenesulfonate,197.2115906,3.920596749,5.33560253,1-ethyl-3-methylimidazolium,4-methylbenzenesulfonate,CCn1cc[n+](C)c1|CC1=CC=C(C=C1)S(=O)(=O)[O-],0.0865
1-ethyl-3-methylimidazolium acetate,181.0125652,5.062255177,6.071595558,1-ethyl-3-methylimidazolium,acetate,CCn1cc[n+](C)c1|CC(=O)[O-],0.287
1-ethyl-3-methylimidazolium bis(trifluoromethylsulfonyl)imide,167.5213349,3.967600134,4.42415589,1-ethyl-3-methylimidazolium,bis(trifluoromethylsulfonyl)imide,CCn1cc[n+](C)c1|C(F)(F)(F)S(=O)(=O)[N-]S(=O)(=O)C(F)(F)F,0.86
1-ethyl-3-methylimidazolium bis[(trifluoromethyl)sulfonyl]imide,171.0099573,3.859738522,4.177357658,1-ethyl-3-methylimidazolium,bis[(trifluoromethyl)sulfonyl]imide,CCn1cc[n+](C)c1|C(F)(F)(F)S(=O)(=O)[N-]S(=O)(=O)C(F)(F)F,0.86
1-ethyl-3-methylimidazolium bromide,207.2904804,4.938902537,5.237217592,1-ethyl-3-methylimidazolium,bromide,CCn1cc[n+](C)c1|[Br-],0.136138724
1-ethyl-3-methylimidazolium chloride,172.3448,7.007919341,10.25463337,1-ethyl-3-methylimidazolium,chloride,CCn1cc[n+](C)c1|[Cl-],0.061037535
1-ethyl-3-methylimidazolium decyl sulfate,258.2290518,4.032427642,3.509693274,1-ethyl-3-methylimidazolium,decyl sulfate,CCn1cc[n+](C)c1|CCCCCCCCCCOS(=O)(=O)[O-],0.001441552
1-ethyl-3-methylimidazolium dicyanamide,160.8485115,4.677229928,4.183555159,1-ethyl-3-methylimidazolium,dicyanamide,CCn1cc[n+](C)c1|C(#N)[N-]C#N,2.63
"1-ethyl-3-methylimidazolium difluorobis(2,2,2-trifluoroacetoxy)borate",174.1063226,4.065884309,4.082318652,1-ethyl-3-methylimidazolium,"difluorobis(2,2,2-trifluoroacetoxy)borate",CCn1cc[n+](C)c1|[B-](OC(=O)C(F)(F)F)(OC(=O)C(F)(F)F)(F)F,1.117
1-ethyl-3-methylimidazolium difluorobis(acetato)borate,186.1563398,5.09372411,6.031412329,1-ethyl-3-methylimidazolium,difluorobis(acetato)borate,CCn1cc[n+](C)c1|B([O-])(OOC(=O)CF)OOC(=O)CF,0.2539
1-ethyl-3-methylimidazolium difluoromono(malonato)borate,197.5936728,4.461476972,4.621777493,1-ethyl-3-methylimidazolium,difluoromono(malonato)borate,CCn1cc[n+](C)c1|[B-]1(OC(=O)CC(=O)O1)(F)F,0.3456
1-ethyl-3-methylimidazolium difluoromono(oxalato)borate,201.0851607,4.383463136,3.871182086,1-ethyl-3-methylimidazolium,difluoromono(oxalato)borate,CCn1cc[n+](C)c1|[B-]1(OC(=O)C(=O)O1)(F)F,0.6619
1-ethyl-3-methylimidazolium ethyl sulfate,178.7314543,4.602343316,5.544373214,1-ethyl-3-methylimidazolium,ethyl sulfate,CCn1cc[n+](C)c1|CCOS(=O)(=O)[O-],0.381
1-ethyl-3-methylimidazolium hexafluorophosphate,172.3448,4.899131686,6.045055782,1-ethyl-3-methylimidazolium,hexafluorophosphate,CCn1cc[n+](C)c1|F[P-](F)(F)(F)(F)F,0.414622268
1-ethyl-3-methylimidazolium iodide,44.95538301,12.31621891,34.02187304,1-ethyl-3-methylimidazolium,iodide,CCn1cc[n+](C)c1|[I-],0.021370794
1-ethyl-3-methylimidazolium methanesulfonate,196.5315509,4.396080164,4.826363944,1-ethyl-3-methylimidazolium,methanesulfonate,CCn1cc[n+](C)c1|CS(=O)(=O)[O-],0.2594
1-ethyl-3-methylimidazolium methyl sulfate,182.3317258,4.438601477,4.803242954,1-ethyl-3-methylimidazolium,methyl sulfate,CCn1cc[n+](C)c1|O=S(OC)([O-])=O,0.547
1-ethyl-3-methylimidazolium methylsulfate,182.3317351,4.438601177,4.803242281,1-ethyl-3-methylimidazolium,methylsulfate,CCn1cc[n+](C)c1|COS(=O)(=O)[O-],0.602
1-ethyl-3-methylimidazolium octyl sulfate,156.2237298,5.049572646,9.598466021,1-ethyl-3-methylimidazolium,octyl sulfate,CCn1cc[n+](C)c1|CCCCCCCCOS(=O)(=O)[O-],0.046
1-ethyl-3-methylimidazolium phenyltrifluoroborate,172.3448,4.447057706,5.269422337,1-ethyl-3-methylimidazolium,phenyltrifluoroborate,CCn1cc[n+](C)c1|F[B-](F)(F)C1=CC=CC=C1,0.553829397
1-ethyl-3-methylimidazolium tetracyanoborate,187.2415383,4.041438932,3.320756439,1-ethyl-3-methylimidazolium,tetracyanoborate,CCn1cc[n+](C)c1|[B-](C#N)(C#N)(C#N)C#N,1.556
1-ethyl-3-methylimidazolium tetrafluoroborate,246.3580214,3.150522361,1.317348988,1-ethyl-3-methylimidazolium,tetrafluoroborate,CCn1cc[n+](C)c1|[B-](F)(F)(F)F,0.91
1-ethyl-3-methylimidazolium thiocyanate,66.38785152,5.697097637,9.770151459,1-ethyl-3-methylimidazolium,thiocyanate,CCn1cc[n+](C)c1|C(#N)[S-],1.874
1-ethyl-3-methylimidazolium tosylate,294.2588043,2.767857136,1.687910043,1-ethyl-3-methylimidazolium,tosylate,CCn1cc[n+](C)c1|CC1=CC=C(C=C1)S(=O)(=O)[O-],3.49E-22
1-ethyl-3-methylimidazolium triflate,220.7696864,2.015936917,1.3658888,1-ethyl-3-methylimidazolium,triflate,CCn1cc[n+](C)c1|C(F)(F)(F)S(=O)(=O)[O-],0.81
1-ethyl-3-methylimidazolium trifluoromethanesulfonate,155.0880504,4.590578605,5.55910012,1-ethyl-3-methylimidazolium,trifluoromethanesulfonate,CCn1cc[n+](C)c1|C(F)(F)(F)S(=O)(=O)[O-],0.81
1-ethyl-3-methylimidazolium tris(pentafluoroethyl)trifluorophosphate,168.1716706,4.15702071,5.163605764,1-ethyl-3-methylimidazolium,tris(pentafluoroethyl)trifluorophosphate,CCn1cc[n+](C)c1|C(C(F)(F)[P-](C(C(F)(F)F)(F)F)(C(C(F)(F)F)(F)F)(F)(F)F)(F)(F)F,0.539
1-ethyl-3-methylpyridinium perfluoropentanoate,174.0589253,4.293891958,6.61702236,1-ethyl-3-methylpyridinium,perfluoropentanoate,CC[N+]1=CC=CC(=C1)C|C(=O)(C(C(C(C(F)(F)F)(F)F)(F)F)(F)F)[O-],0.12
"1-ethyl-4-methyl-1H-1,2,4-triazol-4-ium bis(trifluoromethylsulfonyl)imide",186.1757294,3.743972381,4.528868278,"1-ethyl-4-methyl-1H-1,2,4-triazol-4-ium",bis(trifluoromethylsulfonyl)imide,CCN1C=[N+](C=N1)C|C(F)(F)(F)S(=O)(=O)[N-]S(=O)(=O)C(F)(F)F,0.324
1-ethyl-4-methylpyridinium bis((trifluoromethyl)sulfonyl)amide,174.9236651,3.969730628,4.342179099,1-ethyl-4-methylpyridinium,bis((trifluoromethyl)sulfonyl)amide,CC[N+]1=CC=C(C=C1)C|C(F)(F)(F)S(=O)(=O)[N-]S(=O)(=O)C(F)(F)F,0.763
1-ethyl-4-methylpyridinium bis(trifluoromethylsulfonyl)imide,174.9236651,3.969730628,4.342179099,1-ethyl-4-methylpyridinium,bis(trifluoromethylsulfonyl)imide,CC[N+]1=CC=C(C=C1)C|C(F)(F)(F)S(=O)(=O)[N-]S(=O)(=O)C(F)(F)F,0.763
1-ethylimidazolium bis(trifluoromethylsulfonyl)imide,121.2025683,4.659126182,7.982464003,1-ethylimidazolium,bis(trifluoromethylsulfonyl)imide,CC[N+]1=CNC=C1|C(F)(F)(F)S(=O)(=O)[N-]S(=O)(=O)C(F)(F)F,0.568
1-ethylpyridinium bis(trifluoromethylsulfonyl)imide,228.7729425,2.149578419,1.426511231,1-ethylpyridinium,bis(trifluoromethylsulfonyl)imide,CC[N+]1=CC=CC=C1|C(F)(F)(F)S(=O)(=O)[N-]S(=O)(=O)C(F)(F)F,0.786
1-ethylpyridinium bis[(trifluoromethyl)sulfonyl]imide,99.24996584,5.942535692,10.64783121,1-ethylpyridinium,bis[(trifluoromethyl)sulfonyl]imide,CC[N+]1=CC=CC=C1|C(F)(F)(F)S(=O)(=O)[N-]S(=O)(=O)C(F)(F)F,0.599
1-ethylpyridinium dicyanamide,76.60971492,7.422921063,12.69345306,1-ethylpyridinium,dicyanamide,CC[N+]1=CC=CC=C1|C(#N)[N-]C#N,1.718
1-hexadecyl-3-methylimidazolium tetrafluoroborate,263.8043248,1.661228867,2.572290358,1-hexadecyl-3-methylimidazolium,tetrafluoroborate,CC[N+]1=CC=C(C=C1)C|[B-](F)(F)(F)F,0.000677
1-hexyl-1-methylpiperidin-1-ium hexylphosphonate,172.3448,-0.062929888,3.252417108,1-hexyl-1-methylpiperidin-1-ium,hexylphosphonate,CCCCCC[N+]1(CCCCC1)C|CCCCCCOP([O-])([H])=O,0.042
1-hexyl-1-methylpyrrolidinium bis(trifluoromethylsulfonyl)imide,126.8792847,5.072857691,9.830995805,1-hexyl-1-methylpyrrolidinium,bis(trifluoromethylsulfonyl)imide,CCCCCC[N+]1(CCCC1)C|C(F)(F)(F)S(=O)(=O)[N-]S(=O)(=O)C(F)(F)F,0.16
"1-hexyl-2,3-dimethylimidazolium bis(trifluoromethylsulfonyl)imide",266.0877147,0.614249821,0.757016649,"1-hexyl-2,3-dimethylimidazolium",bis(trifluoromethylsulfonyl)imide,CCCCCCN1C=C[N+](=C1C)C|C(F)(F)(F)S(=O)(=O)[N-]S(=O)(=O)C(F)(F)F,0.108
"1-hexyl-2,3-dimethylimidazolium bis[(trifluoromethyl)sulfonyl]imide",266.0877147,0.614249821,0.757016649,"1-hexyl-2,3-dimethylimidazolium",bis[(trifluoromethyl)sulfonyl]imide,CCCCCCN1C=C[N+](=C1C)C|C(F)(F)(F)S(=O)(=O)[N-]S(=O)(=O)C(F)(F)F,0.108
1-hexyl-3-methylimidazolium bis(trifluoromethylsulfonyl)imide,169.8383237,4.055412499,5.939119642,1-hexyl-3-methylimidazolium,bis(trifluoromethylsulfonyl)imide,CCCCCCn1cc[n+](C)c1|C(F)(F)(F)S(=O)(=O)[N-]S(=O)(=O)C(F)(F)F,0.2163
1-hexyl-3-methylimidazolium bis[(trifluoromethyl)sulfonyl]imide,170.9285926,4.029764873,5.863015268,1-hexyl-3-methylimidazolium,bis[(trifluoromethyl)sulfonyl]imide,CCCCCCn1cc[n+](C)c1|C(F)(F)(F)S(=O)(=O)[N-]S(=O)(=O)C(F)(F)F,0.2178
1-hexyl-3-methylimidazolium chloride,176.5734395,7.753294161,14.19544167,1-hexyl-3-methylimidazolium,chloride,CCCCCCn1cc[n+](C)c1|[Cl-],0.001853558
1-hexyl-3-methylimidazolium dicyanamide,190.1767925,3.633333467,3.853284683,1-hexyl-3-methylimidazolium,dicyanamide,CCCCCCn1cc[n+](C)c1|C(#N)[N-]C#N,0.517
1-hexyl-3-methylimidazolium hexafluorophosphate,170.9318974,5.198394663,8.578683576,1-hexyl-3-methylimidazolium,hexafluorophosphate,CCCCCCn1cc[n+](C)c1|F[P-](F)(F)(F)(F)F,0.0524
1-hexyl-3-methylimidazolium tetrafluoroborate,166.169075,5.080901962,7.859214527,1-hexyl-3-methylimidazolium,tetrafluoroborate,CCCCCCn1cc[n+](C)c1|[B-](F)(F)(F)F,0.128
1-hexyl-3-methylimidazolium tris(pentafluoroethyl)trifluorophosphate,185.0583668,3.574417355,5.044912534,1-hexyl-3-methylimidazolium,tris(pentafluoroethyl)trifluorophosphate,CCCCCCn1cc[n+](C)c1|C(C(F)(F)[P-](C(C(F)(F)F)(F)F)(C(C(F)(F)F)(F)F)(F)(F)F)(F)(F)F,0.1665
"1-hexyl-3-methylpyridinium 1,1,1-trifluoro-N-[(trifluoromethyl)sulfonyl]methanesulfonamide",167.2426317,4.287920705,6.737064344,1-hexyl-3-methylpyridinium,"1,1,1-trifluoro-N-[(trifluoromethyl)sulfonyl]methanesulfonamide",CCCCCC[N+]1=CC=CC(=C1)C|C(F)(F)(F)S(=O)(=O)[N-]S(=O)(=O)C(F)(F)F,0.148
1-hexyl-3-methylpyridinium bis(trifluoromethylsulfonyl)imide,167.2426317,4.287920705,6.737064344,1-hexyl-3-methylpyridinium,bis(trifluoromethylsulfonyl)imide,CCCCCC[N+]1=CC=CC(=C1)C|C(F)(F)(F)S(=O)(=O)[N-]S(=O)(=O)C(F)(F)F,0.148
"1-hexyl-4-methyl-1H-1,2,4-triazol-4-ium bis(trifluoromethylsulfonyl)imide",198.3485243,3.407496583,5.102939809,"1-hexyl-4-methyl-1H-1,2,4-triazol-4-ium",bis(trifluoromethylsulfonyl)imide,CCCCCCN1C=[N+](C=N1)C|C(F)(F)(F)S(=O)(=O)[N-]S(=O)(=O)C(F)(F)F,0.0638
1-hexyl-4-methylpyridinium bis(trifluoromethanesulfonyl)imide,176.6736251,3.983326738,5.727608642,1-hexyl-4-methylpyridinium,bis(trifluoromethanesulfonyl)imide,CCCCCC[N+]1=CC=C(C=C1)C|C(F)(F)(F)S(=O)(=O)NS(=O)(=O)C(F)(F)F,0.1852
1-hexyl-4-methylpyridinium bis(trifluoromethylsulfonyl)imide,176.6736251,3.983326738,5.727608642,1-hexyl-4-methylpyridinium,bis(trifluoromethylsulfonyl)imide,CCCCCC[N+]1=CC=C(C=C1)C|C(F)(F)(F)S(=O)(=O)[N-]S(=O)(=O)C(F)(F)F,0.1852
1-hexylpyridinium bis(trifluoromethylsulfonyl)imide,179.1400789,3.516662658,5.302092811,1-hexylpyridinium,bis(trifluoromethylsulfonyl)imide,CCCCCC[N+]1=CC=CC=C1|C(F)(F)(F)S(=O)(=O)[N-]S(=O)(=O)C(F)(F)F,0.166
1-hexylpyridinium bis(trifluromethylsulfonyl)imide,154.1015862,4.980251924,8.124117589,1-hexylpyridinium,bis(trifluromethylsulfonyl)imide,CCCCCC[N+]1=CC=CC=C1|FC(F)(F)S([N-]S(C(F)(F)F)(=O)=O)(=O)=O,0.166
1-hexylpyridinium dicyanamide,170.7942778,4.72847283,5.825440595,1-hexylpyridinium,dicyanamide,CCCCCC[N+]1=CC=CC=C1|C(#N)[N-]C#N,0.46
1-methyl-1-(2-propoxyethyl)pyrrolidinium bis(trifluoromethylsulfonyl)imide,190.8533567,1.321798251,2.412105514,1-methyl-1-(2-propoxyethyl)pyrrolidinium,bis(trifluoromethylsulfonyl)imide,CCCOCC[N+]1(CCCC1)C|C(F)(F)(F)S(=O)(=O)[N-]S(=O)(=O)C(F)(F)F,0.249
1-methyl-1-octylpiperidin-1-ium octyl phosphonate,172.3448,-1.002704243,2.523324944,1-methyl-1-octylpiperidin-1-ium,octyl phosphonate,CCCCCCCC[N+]1(CCCCC1)C|CCCCCCCCP(=O)([O-])[O-],0.033
1-methyl-1-octylpyrrolidinium bis(trifluoromethylsulfonyl)imide,181.005271,3.839922282,6.239063418,1-methyl-1-octylpyrrolidinium,bis(trifluoromethylsulfonyl)imide,CCCCCCCC[N+]1(CCCC1)C|C(F)(F)(F)S(=O)(=O)[N-]S(=O)(=O)C(F)(F)F,0.081
1-methyl-1-propylpyrrolidinium bis(fluorosulfonyl)amide,145.8365602,4.335233551,5.690224037,1-methyl-1-propylpyrrolidinium,bis(fluorosulfonyl)amide,CCC[N+]1(CCCC1)C|[N-](S(=O)(=O)F)S(=O)(=O)F,0.84
1-methyl-1-propylpyrrolidinium bis(trifluoromethylsulfonyl)imide,165.1327967,4.229433399,5.651331091,1-methyl-1-propylpyrrolidinium,bis(trifluoromethylsulfonyl)imide,CCC[N+]1(CCCC1)C|C(F)(F)(F)S(=O)(=O)[N-]S(=O)(=O)C(F)(F)F,0.414489342
1-methyl-1-propylpyrrolidinium bis[(trifluoromethyl)sulfonyl]imide,172.3124992,3.994489604,5.137324549,1-methyl-1-propylpyrrolidinium,bis[(trifluoromethyl)sulfonyl]imide,CCC[N+]1(CCCC1)C|C(F)(F)(F)S(=O)(=O)[N-]S(=O)(=O)C(F)(F)F,0.4
1-methyl-2-oxopyrrolidin-1-ium sulfurochloridate,288.0717906,-1.755033159,0.13795645,1-methyl-2-oxopyrrolidin-1-ium,sulfurochloridate,C[NH+]1CCCC1=O|[O-]S(=O)(=O)Cl,0.033323801
1-methyl-3-(2-propoxyethyl)imidazolium bis(trifluoromethylsulfonyl)imide,203.1844901,1.256704073,1.891175882,1-methyl-3-(2-propoxyethyl)imidazolium,bis(trifluoromethylsulfonyl)imide,CCCOCCN1C=C[N+](=C1)C|C(F)(F)(F)S(=O)(=O)[N-]S(=O)(=O)C(F)(F)F,0.318
1-methyl-3-octylimidazolium bis(trifluoromethylsulfonyl)imide,173.9419329,3.763373383,5.943369549,1-methyl-3-octylimidazolium,bis(trifluoromethylsulfonyl)imide,CCCCCCCCN1C=C[N+](=C1)C|C(F)(F)(F)S(=O)(=O)[N-]S(=O)(=O)C(F)(F)F,0.133
1-methyl-3-octylimidazolium chloride,179.9828623,6.714672035,13.15798436,1-methyl-3-octylimidazolium,chloride,CCCCCCCCN1C=C[N+](=C1)C|[Cl-],0.001257695
1-methyl-3-octylimidazolium tetrafluoroborate,166.9236518,4.886174555,8.409336058,1-methyl-3-octylimidazolium,tetrafluoroborate,CCCCCCCCN1C=C[N+](=C1)C|[B-](F)(F)(F)F,0.0563
1-methyl-3-pentylimidazolium dihydrogen phosphate,166.3278724,3.382950693,5.257616615,1-methyl-3-pentylimidazolium,dihydrogen phosphate,CCCCCN1C=C[N+](=C1)C|OP(=O)(O)[O-],0.243
1-methyl-3-propyl-1H-imidazol-3-ium L-serinate,217.9945017,4.740304442,6.013610536,1-methyl-3-propyl-1H-imidazol-3-ium,L-serinate,CCCN1C=C[N+](=C1)C|C(C(C(=O)[O-])N)O,0.0137
1-methyl-3-propylimidazolium L-serinate,217.9945017,4.740304442,6.013610536,1-methyl-3-propylimidazolium,L-serinate,CCCN1C=C[N+](=C1)C|C(C(C(=O)[O-])N)O,0.0137
1-methyl-3-propylimidazolium bis(trifluoromethylsulfonyl)imide,131.8594014,5.40100009,8.397523969,1-methyl-3-propylimidazolium,bis(trifluoromethylsulfonyl)imide,CCCN1C=C[N+](=C1)C|C(F)(F)(F)S(=O)(=O)[N-]S(=O)(=O)C(F)(F)F,0.542
1-methyl-3-propylimidazolium bis[(trifluoromethyl)sulfonyl]imide,202.0342339,2.812498122,2.914092701,1-methyl-3-propylimidazolium,bis[(trifluoromethyl)sulfonyl]imide,CCCN1C=C[N+](=C1)C|C(F)(F)(F)S(=O)(=O)[N-]S(=O)(=O)C(F)(F)F,0.435
1-methyl-3-propylimidazolium dicyanamide,168.9478095,4.570336579,4.310695505,1-methyl-3-propylimidazolium,dicyanamide,CCCN1C=C[N+](=C1)C|C(#N)[N-]C#N,1.746
1-methyl-3-propylimidazolium dihydrogen phosphate,125.1194926,3.974669737,6.419214181,1-methyl-3-propylimidazolium,dihydrogen phosphate,CCCN1C=C[N+](=C1)C|OP(=O)(O)[O-],0.613
1-methylimidazolium acetate,172.3448,-0.490983615,0.600474914,1-methylimidazolium,acetate,C[N+]1=CNC=C1|CC(=O)[O-],0.333
1-methylpiperidinium tetrafluoroborate,0.767122755,3.298052697,26.39268044,1-methylpiperidinium,tetrafluoroborate,C[NH+]1CCCCC1|[B-](F)(F)(F)F,0.000625667
1-methylpyridinium methylsulfate,164.0621673,5.286261495,7.020796224,1-methylpyridinium,methylsulfate,C[N+]1=CC=CC=C1|COS(=O)(=O)[O-],0.363669014
1-methylpyrrolidinium tetrafluoroborate,161.3701057,-2.071301498,4.435163882,1-methylpyrrolidinium,tetrafluoroborate,C[NH+]1CCCC1|[B-](F)(F)(F)F,0.002550626
1-metyl-3-propylimidazolium hydrogen carbonate,184.0096343,1.746619011,2.134394897,1-metyl-3-propylimidazolium,hydrogen carbonate,CCCN1C=C[N+](=C1)C|C(=O)(O)[O-],0.606
1-octyl-3-methylimidazolium bis[(trifluoromethyl)sulfonyl]imide,170.9383314,3.933175485,6.280116167,1-octyl-3-methylimidazolium,bis[(trifluoromethyl)sulfonyl]imide,CCCCCCCCN1C=C[N+](=C1)C|C(F)(F)(F)S(=O)(=O)[N-]S(=O)(=O)C(F)(F)F,0.1311
1-octyl-3-methylimidazolium hexafluorophosphate,166.7148514,5.291799995,9.769107905,1-octyl-3-methylimidazolium,hexafluorophosphate,CCCCCCCCN1C=C[N+](=C1)C|F[P-](F)(F)(F)(F)F,0.0252
1-octylpyridinium bis(trifluoromethylsulfonyl)imide,160.5346487,4.160206552,7.757415053,1-octylpyridinium,bis(trifluoromethylsulfonyl)imide,CCCCCCCC[N+]1=CC=CC=C1|C(F)(F)(F)S(=O)(=O)[N-]S(=O)(=O)C(F)(F)F,0.072806044
1-pentyl-3-methylimidazolium thiocyanate,151.4162391,3.598066572,5.510198455,1-pentyl-3-methylimidazolium,thiocyanate,CCCCCN1C=C[N+](=C1)C|C(#N)[S-],0.394
1-pentylpyridinium bis(trifluoromethylsulfonyl)amide,180.1058977,3.755077883,5.161052535,1-pentylpyridinium,bis(trifluoromethylsulfonyl)amide,CCCCC[N+]1=CC=CC=C1|C(F)(F)(F)S(=O)(=O)[N-]S(=O)(=O)C(F)(F)F,0.222
1-pentylpyridinium bis(trifluoromethylsulfonyl)imide,180.339347,3.74551911,5.141146077,1-pentylpyridinium,bis(trifluoromethylsulfonyl)imide,CCCCC[N+]1=CC=CC=C1|C(F)(F)(F)S(=O)(=O)[N-]S(=O)(=O)C(F)(F)F,0.216
1-pentylpyridinium dicyanamide,105.8441563,6.89697317,11.88796673,1-pentylpyridinium,dicyanamide,CCCCC[N+]1=CC=CC=C1|C(#N)[N-]C#N,0.595
1-propyl-3-methylimidazolium thiocyanate,172.3448,3.221979212,3.688047944,1-propyl-3-methylimidazolium,thiocyanate,CCCN1C=C[N+](=C1)C|C(#N)[S-],0.743
1-propylpyridinium bis((trifluoromethyl)sulfonyl)amide,176.6548711,3.821945335,4.712670707,1-propylpyridinium,bis((trifluoromethyl)sulfonyl)amide,CCC[N+]1=CC=CC=C1|C(F)(F)(F)S(=O)(=O)[N-]S(=O)(=O)C(F)(F)F,0.430178593
1-propylpyridinium bis(trifluoromethylsulfonyl)imide,160.3183615,4.541635671,6.361265157,1-propylpyridinium,bis(trifluoromethylsulfonyl)imide,CCC[N+]1=CC=CC=C1|C(F)(F)(F)S(=O)(=O)[N-]S(=O)(=O)C(F)(F)F,0.364388475
1-propylpyridinium dicyanamide,76.96902866,7.834583031,13.93921913,1-propylpyridinium,dicyanamide,CCC[N+]1=CC=CC=C1|C(#N)[N-]C#N,1.308
1-propylpyridinium tetrafluoroborate,201.7612583,4.303897396,4.188890164,1-propylpyridinium,tetrafluoroborate,CCC[N+]1=CC=CC=C1|[B-](F)(F)(F)F,0.401
"2,3-dimethyl-1-octylpyridinium bis(trifluoromethylsulfonyl)imide",174.8040312,4.491757727,7.56285125,"2,3-dimethyl-1-octylpyridinium",bis(trifluoromethylsulfonyl)imide,CCCCCCCC[N+]1=CC=CC(=C1C)C|C(F)(F)(F)S(=O)(=O)[N-]S(=O)(=O)C(F)(F)F,0.0559
"2,3-dimethyl-1-pentylimidazolium hydrogen sulfate",220.1609085,3.451569518,3.926446229,"2,3-dimethyl-1-pentylimidazolium",hydrogen sulfate,CCCCCN1C=C[N+](=C1C)C_|OS(=O)(=O)[O-],0.075
"2,3-dimethyl-1-propylimidazolium hydrogen sulfate",172.5928676,5.155534669,7.569060829,"2,3-dimethyl-1-propylimidazolium",hydrogen sulfate,CCCN1C=C[N+](=C1C)C|OS(=O)(=O)[O-],0.123
"2-(acetyloxy)-N-ethyl-N,N-dimethylethanaminium 1,1,1-trifluoro-N-[(trifluoromethyl)sulfonyl]methanesulfonamide",188.6084127,4.159493464,5.839442947,"2-(acetyloxy)-N-ethyl-N,N-dimethylethanaminium","1,1,1-trifluoro-N-[(trifluoromethyl)sulfonyl]methanesulfonamide",CC[N+](C)(C)CCOC(=O)C|C(F)(F)(F)S(=O)(=O)[N-]S(=O)(=O)C(F)(F)F,0.1052
"2-hydroxy-N,N,N-trimethylethanaminium (S)-2-hydroxypropanoate",218.0508255,3.060344038,4.586875207,"2-hydroxy-N,N,N-trimethylethanaminium",(S)-2-hydroxypropanoate,C[N+](C)(C)CCO|CC(O)C([O-])=O,0.0219
"2-hydroxy-N,N,N-trimethylethanaminium .beta.-alaninate",251.9672092,0.953357169,3.170549017,"2-hydroxy-N,N,N-trimethylethanaminium",.beta.-alaninate,C[N+](C)(C)CCO|NCCC([O-])=O,0.00071
"2-hydroxy-N,N,N-trimethylethanaminium L-alaninate",250.6690033,0.722721351,2.650277507,"2-hydroxy-N,N,N-trimethylethanaminium",L-alaninate,C[N+](C)(C)CCO|C[C@@H](C(=O)[O-])N,0.00213
"2-hydroxy-N,N,N-trimethylethanaminium L-prolinate",274.4098187,-2.17824579,1.623850933,"2-hydroxy-N,N,N-trimethylethanaminium",L-prolinate,C[N+](C)(C)CCO|C1C[C@H](NC1)C(=O)[O-],3.00E-05
"2-hydroxy-N,N,N-trimethylethanaminium L-serinate",72.9677908,15.10794514,41.39503334,"2-hydroxy-N,N,N-trimethylethanaminium",L-serinate,C[N+](C)(C)CCO|C(C(C(=O)[O-])N)O,0.00093
"2-hydroxy-N,N,N-trimethylethanaminium glycinate",196.9586797,3.698390463,7.302398504,"2-hydroxy-N,N,N-trimethylethanaminium",glycinate,C[N+](C)(C)CCO|C(C(=O)[O-])N,0.00677
2-methyl-1-propylpyridinium bis((trifluoromethyl)sulfonyl)amide,192.1676183,3.850750436,4.516379042,2-methyl-1-propylpyridinium,bis((trifluoromethyl)sulfonyl)amide,CCC[N+]1=CC=CC=C1C|C(F)(F)(F)S(=O)(=O)[N-]S(=O)(=O)C(F)(F)F,0.28
2-methyl-1-propylpyridinium bis(trifluoromethylsulfonyl)imide,192.1676183,3.850750436,4.516379042,2-methyl-1-propylpyridinium,bis(trifluoromethylsulfonyl)imide,CCC[N+]1=CC=CC=C1C|C(F)(F)(F)S(=O)(=O)[N-]S(=O)(=O)C(F)(F)F,0.28
2-methylpyridinium acetate,261.7310341,0.190490082,1.809605401,2-methylpyridinium,acetate,CC1=CC=CC=[NH+]1|CC(=O)[O-],0.00385
2-methylpyridinium bis(trifluoromethylsulfonyl)imide,175.3380726,4.511541875,5.768511192,2-methylpyridinium,bis(trifluoromethylsulfonyl)imide,CC1=CC=CC=[NH+]1|C(F)(F)(F)S(=O)(=O)[N-]S(=O)(=O)C(F)(F)F,0.337
2-methylpyridinium triflate,114.2542183,6.146135266,10.6459808,2-methylpyridinium,triflate,CC1=CC=CC=[NH+]1|C(F)(F)(F)S(=O)(=O)[O-],0.441761596
2-methylpyridinium trifluoroacetate,173.4295073,4.219166597,5.666196918,2-methylpyridinium,trifluoroacetate,CC1=CC=CC=[NH+]1|C(=O)(C(F)(F)F)[O-],0.292
"3,3'-((ethane-1,2-diylbis(oxy))bis(ethane-2,1-diyl))bis(1-butyl-1H-imidazol-3-ium) dicyanamide",172.3448,5.306250491,7.57100323,"3,3'-((ethane-1,2-diylbis(oxy))bis(ethane-2,1-diyl))bis(1-butyl-1H-imidazol-3-ium)",dicyanamide,C1=[N+](C=C[N]1CCCC)CCOCCOCC[N+]2=C[N]C=C2|C(#N)[N-]C#N,0.154
"3,3'-(1,5-pentanediyl)bis[1-methylimidazolium] 1,1,1-trifluoro-N-[(trifluoromethyl)sulfonyl]methanesulfonamide",168.8579178,5.011465676,8.396812107,"3,3'-(1,5-pentanediyl)bis[1-methylimidazolium]","1,1,1-trifluoro-N-[(trifluoromethyl)sulfonyl]methanesulfonamide",C[N+]1=CN(CCCN2C=C[N+](C)=C2)C=C1|C(F)(F)(F)S(=O)(=O)[N-]S(=O)(=O)C(F)(F)F,0.06
"3,3'-(propane-1,3-diyl)bis(1-methyl-1H-imidazol-3-ium) bis(trifluoromethylsulfonyl)imide",243.4587678,1.820517101,2.233834424,"3,3'-(propane-1,3-diyl)bis(1-methyl-1H-imidazol-3-ium)",bis(trifluoromethylsulfonyl)imide,C[N+]1=CN(C=C1)CCCN2C=C[N+](=C2)C|C(F)(F)(F)S(=O)(=O)[N-]S(=O)(=O)C(F)(F)F,0.044
"3,3-(((oxybis(ethane-2,1-diyl))bis(oxy))bis(ethane-2,1-diyl))bis(1-butyl-1H-imidazol-3-ium) bis(trifluoromethylsulfonyl)imide",154.5188331,5.24131079,9.379483961,"3,3-(((oxybis(ethane-2,1-diyl))bis(oxy))bis(ethane-2,1-diyl))bis(1-butyl-1H-imidazol-3-ium)",bis(trifluoromethylsulfonyl)imide,CCCC[N+]1=CN(C=C1)CCOCCOCCOCCN2C=C[N+](=C2)CCCC|C(F)(F)(F)S(=O)(=O)[N-]S(=O)(=O)C(F)(F)F,0.072
"3,3-(((oxybis(ethane-2,1-diyl))bis(oxy))bis(ethane-2,1-diyl))bis(1-butyl-1H-imidazol-3-ium) dicyanamide",172.3448,5.037068791,7.196957677,"3,3-(((oxybis(ethane-2,1-diyl))bis(oxy))bis(ethane-2,1-diyl))bis(1-butyl-1H-imidazol-3-ium)",dicyanamide,CCCC[N+]1=CN(C=C1)CCOCCOCCOCCN2C=C[N+](=C2)CCCC|C(#N)[N-]C#N,0.17
"3,3-((ethane-1,2-diylbis(oxy))bis(ethane-2,1-diyl))bis(1-butyl-1H-imidazol-3-ium) bis(trifluoromethylsulfonyl)imide",153.8734823,5.463820806,9.588320466,"3,3-((ethane-1,2-diylbis(oxy))bis(ethane-2,1-diyl))bis(1-butyl-1H-imidazol-3-ium)",bis(trifluoromethylsulfonyl)imide,C1=[N+](C=C[N]1CCCC)CCOCCOCC[N+]2=C[N]C=C2|C(F)(F)(F)S(=O)(=O)[N-]S(=O)(=O)C(F)(F)F,0.079
"3,3-(3,6,9,12-tetraoxatetradecane-1,14-diyl)bis(1-butyl-1H-imidazol-3-ium) bis(trifluoromethylsulfonyl)imide",180.9157421,4.249363001,6.716593092,"3,3-(3,6,9,12-tetraoxatetradecane-1,14-diyl)bis(1-butyl-1H-imidazol-3-ium)",bis(trifluoromethylsulfonyl)imide,CCCCN1C=C[N+](CCOCCOCCOCCOCC[N+]2=CN(CCCC)C=C2)=C1|C(F)(F)(F)S(=O)(=O)[N-]S(=O)(=O)C(F)(F)F,0.07
"3,3-(3,6,9,12-tetraoxatetradecane-1,14-diyl)bis(1-butyl-1H-imidazol-3-ium) dicyanamide",225.2365071,3.608501289,3.409755298,"3,3-(3,6,9,12-tetraoxatetradecane-1,14-diyl)bis(1-butyl-1H-imidazol-3-ium)",dicyanamide,CCCCN1C=C[N+](CCOCCOCCOCCOCC[N+]2=CN(CCCC)C=C2)=C1|C(#N)[N-]C#N,0.131
"3,3-(oxybis(ethane-2,1-diyl))bis(1-butyl-1H-imidazol-3-ium) bis(trifluoromethylsulfonyl)imide",161.7600743,5.072877956,8.861132772,"3,3-(oxybis(ethane-2,1-diyl))bis(1-butyl-1H-imidazol-3-ium)",bis(trifluoromethylsulfonyl)imide,O(CC[N+]1=C[N](C=C1)CCCC)CC[N+]2=C[N](C=C2)CCCC|C(F)(F)(F)S(=O)(=O)[N-]S(=O)(=O)C(F)(F)F,0.065
"3,3-(oxybis(ethane-2,1-diyl))bis(1-butyl-1H-imidazol-3-ium) dicyanamide",101.4290023,8.496166703,16.27120419,"3,3-(oxybis(ethane-2,1-diyl))bis(1-butyl-1H-imidazol-3-ium)",dicyanamide,O(CC[N+]1=C[N](C=C1)CCCC)CC[N+]2=C[N](C=C2)CCCC|C(#N)[N-]C#N,0.232
"3,5-dimethyl-1-octylpyridinium bis(trifluoromethylsulfonyl)imide",167.5053491,4.328472112,7.522987029,"3,5-dimethyl-1-octylpyridinium",bis(trifluoromethylsulfonyl)imide,CCCCCCCC[N+]1=CC(=CC(=C1)C)C|C(F)(F)(F)S(=O)(=O)[N-]S(=O)(=O)C(F)(F)F,0.0744
3-(2-(butylamino)-2-oxoethyl)-1-ethyl-1H-imidazolium bis((trifluoromethyl)sulfonyl)amide,189.7652164,4.588121613,7.530103842,3-(2-(butylamino)-2-oxoethyl)-1-ethyl-1H-imidazolium,bis((trifluoromethyl)sulfonyl)amide,CCCCNC(=O)C[N+]1=CN(C=C1)CC|C(F)(F)(F)S(=O)(=O)[N-]S(=O)(=O)C(F)(F)F,0.0233
3-(2-(butylamino)-2-oxoethyl)-1-ethyl-1H-imidazolium bis(trifluoromethylsulfonyl)imide,189.7652164,4.588121613,7.530103842,3-(2-(butylamino)-2-oxoethyl)-1-ethyl-1H-imidazolium,bis(trifluoromethylsulfonyl)imide,CCCCNC(=O)C[N+]1=CN(C=C1)CC|C(F)(F)(F)S(=O)(=O)[N-]S(=O)(=O)C(F)(F)F,0.0233
3-(2-amino-2-oxoethyl)-1-vinylimidazolium bis(trifluoromethylsulfonyl)imide,225.9460887,4.359825765,5.35764944,3-(2-amino-2-oxoethyl)-1-vinylimidazolium,bis(trifluoromethylsulfonyl)imide,C=CN1C=C[N+](=C1)CC(=O)N|C(F)(F)(F)S(=O)(=O)[N-]S(=O)(=O)C(F)(F)F,0.01
"3-(3-cyanopropyl)-1-methylimidazolium 1,1,1-trifluoro-N-[(trifluoromethyl)sulfonyl]methanesulfonamide",238.5207111,2.695031734,2.357955189,3-(3-cyanopropyl)-1-methylimidazolium,"1,1,1-trifluoro-N-[(trifluoromethyl)sulfonyl]methanesulfonamide",C[N+]1=CN(C=C1)CCCC#N|C(F)(F)(F)S(=O)(=O)[N-]S(=O)(=O)C(F)(F)F,0.125
3-(3-cyanopropyl)-1-methylimidazolium bis(fluorosulfonyl)amide,72.94427704,10.05936263,22.04104397,3-(3-cyanopropyl)-1-methylimidazolium,bis(fluorosulfonyl)amide,C[N+]1=CN(C=C1)CCCC#N|[N-](S(=O)(=O)F)S(=O)(=O)F,0.182
3-(3-cyanopropyl)-1-methylimidazolium triflate,183.2566265,4.014257862,6.787655818,3-(3-cyanopropyl)-1-methylimidazolium,triflate,C[N+]1=CN(C=C1)CCCC#N|C(F)(F)(F)S(=O)(=O)[O-],0.046
3-(3-methoxypropyl)-1-methylimidazolium bis(trifluoromethylsulfonyl)imide,201.9458134,1.381413969,1.931049641,3-(3-methoxypropyl)-1-methylimidazolium,bis(trifluoromethylsulfonyl)imide,C[N+]1=CN(C=C1)CCCOC|C(F)(F)(F)S(=O)(=O)[N-]S(=O)(=O)C(F)(F)F,0.357
3-(cyanomethyl)-1-methyl-1H-imidazol-3-ium bis((trifluoromethyl)sulfonyl)amide,198.9578638,4.331727742,5.530655162,3-(cyanomethyl)-1-methyl-1H-imidazol-3-ium,bis((trifluoromethyl)sulfonyl)amide,C[N+]1=CN(C=C1)CC#N|C(F)(F)(F)S(=O)(=O)[N-]S(=O)(=O)C(F)(F)F,0.0919
3-(cyanomethyl)-1-methyl-1H-imidazol-3-ium bis(trifluoromethylsulfonyl)imide,172.3448,5.842165941,9.058461905,3-(cyanomethyl)-1-methyl-1H-imidazol-3-ium,bis(trifluoromethylsulfonyl)imide,C[N+]1=CN(C=C1)CC#N|C(F)(F)(F)S(=O)(=O)[N-]S(=O)(=O)C(F)(F)F,0.0648
3-(ethoxymethyl)-1-methylimidazolium bis(trifluoromethylsulfonyl)imide,207.836871,1.487614069,1.830867512,3-(ethoxymethyl)-1-methylimidazolium,bis(trifluoromethylsulfonyl)imide,CCOCN1C=C[N+](=C1)C|C(F)(F)(F)S(=O)(=O)[N-]S(=O)(=O)C(F)(F)F,0.387
3-butyl-1-methyl-1H-imidazol-3-ium L-serinate,114.0439336,11.97407762,26.8100033,3-butyl-1-methyl-1H-imidazol-3-ium,L-serinate,CCCCN1C=C[N+](=C1)C|C(C(C(=O)[O-])N)O,0.00395
3-butyl-1-methyl-1H-imidazolium butanoate,163.7282704,5.98159974,10.64145934,3-butyl-1-methyl-1H-imidazolium,butanoate,CCCCN1C[NH+](C=C1)C|CCCC(=O)[O-],0.029005841
3-butyl-1-methyl-1H-imidazolium formate,173.4865794,5.537693254,7.755115759,3-butyl-1-methyl-1H-imidazolium,formate,CCCCN1C[NH+](C=C1)C|C(=O)[O-],0.14303334
3-butyl-1-methyl-1H-imidazolium propanoate,157.0615913,6.035595137,10.57519551,3-butyl-1-methyl-1H-imidazolium,propanoate,CCCCN1C[NH+](C=C1)C|CCC(=O)[O-],0.050800585
3-butyl-1-methyl-1H-imidazolium tetrakis(isothiocyanato)cobaltate(2-),192.2604902,4.948340653,6.119697394,3-butyl-1-methyl-1H-imidazolium,tetrakis(isothiocyanato)cobaltate(2-),CCCCN1C[NH+](C=C1)C|S=C=N[Co-2](N=C=S)(N=C=S)N=C=S,0.134
3-butyl-1-methylimidazolium benzoate,208.9947129,4.504372697,6.748848923,3-butyl-1-methylimidazolium,benzoate,CCCCN1C=C[N+](=C1)C|C1=CC=C(C=C1)C(=O)[O-],0.010047084
3-butyl-1H-imidazol-3-ium bis(trifluoromethylsulfonyl)imide,204.8762086,2.374125643,3.724210231,3-butyl-1H-imidazol-3-ium,bis(trifluoromethylsulfonyl)imide,CCCC[N+]1=CNC=C1|C(F)(F)(F)S(=O)(=O)[N-]S(=O)(=O)C(F)(F)F,0.0806
3-decyl-1H-imidazol-3-ium bis(trifluoromethylsulfonyl)imide,209.9808303,1.979084399,4.119253947,3-decyl-1H-imidazol-3-ium,bis(trifluoromethylsulfonyl)imide,CCCCCCCCCC[N+]1=CNC=C1|C(F)(F)(F)S(=O)(=O)[N-]S(=O)(=O)C(F)(F)F,0.0238
3-dodecyl-1H-imidazol-3-ium bis(trifluoromethylsulfonyl)imide,211.2623936,2.151468534,4.315206656,3-dodecyl-1H-imidazol-3-ium,bis(trifluoromethylsulfonyl)imide,CCCCCCCCCCCC[N+]1=CNC=C1|C(F)(F)(F)S(=O)(=O)[N-]S(=O)(=O)C(F)(F)F,0.0197
3-ethyl-1-methyl-1H-imidazolium L-serinate,154.3497029,6.652278171,11.22222376,3-ethyl-1-methyl-1H-imidazolium,L-serinate,CCN1C=C[N+](=C1)C|C(C(C(=O)[O-])N)O,0.065
3-ethyl-1-methylimidazolium (S)-2-hydroxypropanoate,233.3273344,1.670072799,1.825915756,3-ethyl-1-methylimidazolium,(S)-2-hydroxypropanoate,CCN1C=C[N+](=C1)C|CC(O)C([O-])=O,0.189
3-hexyl-1H-imidazol-3-ium bis(trifluoromethylsulfonyl)imide,186.6054351,3.206081536,5.53981862,3-hexyl-1H-imidazol-3-ium,bis(trifluoromethylsulfonyl)imide,CCCCCC[N+]1=CNC=C1|C(F)(F)(F)S(=O)(=O)[N-]S(=O)(=O)C(F)(F)F,0.06
3-methyl-1-pentylimidazolium dicyanamide,185.8944191,3.930667648,3.931620351,3-methyl-1-pentylimidazolium,dicyanamide,CCCCCN1C=C[N+](=C1)C|C(#N)[N-]C#N,0.756
3-methyl-1-pentylimidazolium hydrogen carbonate,239.5825761,1.278176949,1.301598975,3-methyl-1-pentylimidazolium,hydrogen carbonate,CCCCCN1C=C[N+](=C1)C|C(=O)(O)[O-],0.248
3-methyl-1-propylpyridinium bis(trifluoromethylsulfonyl)imide,170.3915819,4.175333973,5.428334892,3-methyl-1-propylpyridinium,bis(trifluoromethylsulfonyl)imide,CCC[N+]1=CC=CC(=C1)C|C(F)(F)(F)S(=O)(=O)[N-]S(=O)(=O)C(F)(F)F,0.393
4-(2-methoxyethyl)-4-methylmorpholinium bis(trifluoromethylsulfonyl)amide,172.3448,2.423956148,5.436378986,4-(2-methoxyethyl)-4-methylmorpholinium,bis(trifluoromethylsulfonyl)amide,C[N+]1(CCCCC1)CCOC|C(F)(F)(F)S(=O)(=O)[N-]S(=O)(=O)C(F)(F)F,0.065
4-(2-methoxyethyl)-4-methylmorpholinium bis(trifluoromethylsulfonyl)imide,172.3448,2.423956148,5.436378986,4-(2-methoxyethyl)-4-methylmorpholinium,bis(trifluoromethylsulfonyl)imide,C[N+]1(CCCCC1)CCOC|C(F)(F)(F)S(=O)(=O)[N-]S(=O)(=O)C(F)(F)F,0.065
4-butyl-4-methylmorpholin-4-ium butylphosphonate,172.3448,0.640521269,3.281530461,4-butyl-4-methylmorpholin-4-ium,butylphosphonate,CCCC[N+]1(CCOCC1)C|[O-]P(OCCCC)=O,0.082
4-butyl-4-methylmorpholinium N-cyanocyanamide,218.8470939,1.76279978,2.451172015,4-butyl-4-methylmorpholinium,N-cyanocyanamide,CCCC[N+]1(CCOCC1)C|N#C[N-]C#N,0.141
4-ethyl-4-methylmorpholin-4-ium ethylphosphonate,172.3448,1.189004792,3.720676801,4-ethyl-4-methylmorpholin-4-ium,ethylphosphonate,CC[N+]1(CCOCC1)C|CCOP([O-])([H])=O,0.094
4-ethyl-4-morpholinium tetrafluoroborate,208.8975219,-2.593216067,4.318840338,4-ethyl-4-morpholinium,tetrafluoroborate,CC[NH+]1CCOCC1|[B-](F)(F)(F)F,0.000221874
4-heptyl-4-methylmorpholinium N-cyanocyanamide,229.2282483,0.299123159,2.248150705,4-heptyl-4-methylmorpholinium,N-cyanocyanamide,CCCCCCC[N+]1(CCOCC1)C|N#C[N-]C#N,0.027
4-hexyl-4-methylmorpholin-4-ium hexylphosphonate,172.3448,0.479660886,4.741779526,4-hexyl-4-methylmorpholin-4-ium,hexylphosphonate,CCCCCC[N+]1(CCOCC1)C|CCCCCCOP([O-])([H])=O,0.017
4-hexyl-4-methylmorpholinium N-cyanocyanamide,223.8483934,1.607198579,2.613944503,4-hexyl-4-methylmorpholinium,N-cyanocyanamide,CCCCCC[N+]1(CCOCC1)C|N#C[N-]C#N,0.074
"4-methyl-1-octyl-1H-1,2,4-triazol-4-ium bis(trifluoromethylsulfonyl)imide",189.4791552,3.347609171,5.853131843,"4-methyl-1-octyl-1H-1,2,4-triazol-4-ium",bis(trifluoromethylsulfonyl)imide,CCCCCCCCN1C=[N+](C=N1)C|C(F)(F)(F)S(=O)(=O)[N-]S(=O)(=O)C(F)(F)F,0.0433
"4-methyl-1-propyl-1,2,4-triazolium bis((trifluoromethyl)sulfonyl)imide",188.4580862,3.825748887,5.041578452,"4-methyl-1-propyl-1,2,4-triazolium",bis((trifluoromethyl)sulfonyl)imide,CCCN1C=[N+](C=N1)C|C(F)(F)(F)S(=O)(=O)[N-]S(=O)(=O)C(F)(F)F,0.1836
"4-methyl-1-propyl-1,2,4-triazolium nitrate",164.0566224,4.418576249,6.841356762,"4-methyl-1-propyl-1,2,4-triazolium",nitrate,CCCN1C=[N+](C=N1)C|C(F)(F)(F)S(=O)(=O)[O-],0.1798
"4-methyl-1-propyl-1,2,4-triazolium tetrafluoroborate",174.0579492,4.744901819,6.348264164,"4-methyl-1-propyl-1,2,4-triazolium",tetrafluoroborate,CCCN1C=[N+](C=N1)C|[B-](F)(F)(F)F,0.245
"4-methyl-1-propyl-1,2,4-triazolium tosylate",210.8544012,3.86850376,6.584208954,"4-methyl-1-propyl-1,2,4-triazolium",tosylate,CCCN1C=[N+](C=N1)C|CC1=CC=C(C=C1)S(=O)(=O)[O-],0.00551
"4-methyl-1-propyl-1,2,4-triazolium triflate",187.0663787,4.364710866,5.490538551,"4-methyl-1-propyl-1,2,4-triazolium",triflate,CCCN1C=[N+](C=N1)C|C(F)(F)(F)S(=O)(=O)[O-],0.2076
"4-methyl-1-propyl-1,2,4-triazolium trifluoromethanesulfonate",187.0663787,4.364710866,5.490538551,"4-methyl-1-propyl-1,2,4-triazolium",trifluoromethanesulfonate,CCCN1C=[N+](C=N1)C|C(F)(F)(F)S(=O)(=O)[O-],0.2076
"4-methyl-1-propyl-1H-1,2,4-triazol-4-ium bis(trifluoromethylsulfonyl)imide",187.9175091,3.847568945,5.086494379,"4-methyl-1-propyl-1H-1,2,4-triazol-4-ium",bis(trifluoromethylsulfonyl)imide,CCN1C=[N+](C=N1)C|C(F)(F)(F)S(=O)(=O)[N-]S(=O)(=O)C(F)(F)F,0.181
4-methyl-4-nonylmorpholinium N-cyanocyanamide,233.9439683,0.152382278,2.292977054,4-methyl-4-nonylmorpholinium,N-cyanocyanamide,CCCCCCCCC[N+]1(CCOCC1)C|N#C[N-]C#N,0.016
4-methyl-4-octylmorpholin-4-ium octylphosphonate,172.3448,-0.161479097,4.025832796,4-methyl-4-octylmorpholin-4-ium,octylphosphonate,CCCCCCCC[N+]1(CCOCC1)C|CCCCCCCCOP([O-])([H])=O,0.018
4-methyl-4-octylmorpholinium N-cyanocyanamide,233.1094315,0.2518014,2.211031611,4-methyl-4-octylmorpholinium,N-cyanocyanamide,CCCCCCCC[N+]1(CCOCC1)C|N#C[N-]C#N,0.022
4-methyl-4-pentylmorpholinium N-cyanocyanamide,213.7076755,1.923848183,3.187464846,4-methyl-4-pentylmorpholinium,N-cyanocyanamide,CCCCC[N+]1(CCOCC1)C|N#C[N-]C#N,0.073
4-methyl-4-propylmorpholinium N-cyanocyanamide,194.3577069,2.560910613,3.944721642,4-methyl-4-propylmorpholinium,N-cyanocyanamide,CCC[N+]1(CCOCC1)C|N#C[N-]C#N,0.133
"N,N,N-triethyl-1-decanaminium 1,1,1-trifluoro-N-[(trifluoromethyl)sulfonyl]methanesulfonamide",199.8037168,3.063337591,5.058778323,"N,N,N-triethyl-1-decanaminium","1,1,1-trifluoro-N-[(trifluoromethyl)sulfonyl]methanesulfonamide",CCCCCCCCC[N+](CC)(CC)CC|C(F)(F)(F)S(=O)(=O)[N-]S(=O)(=O)C(F)(F)F,0.046
"N,N-diethyl-2-methoxy-N-methylethan-1-aminium bis((trifluoromethyl)sulfonyl)amide",173.8413779,4.126448322,5.647566892,"N,N-diethyl-2-methoxy-N-methylethan-1-aminium",bis((trifluoromethyl)sulfonyl)amide,CC[N+](C)(CC)CCOC|C(F)(F)(F)S(=O)(=O)[N-]S(=O)(=O)C(F)(F)F,0.26235738
"N,N-diethyl-2-methoxy-N-methylethan-1-aminium bis(trifluoromethylsulfonyl)imide",173.8049353,4.127968228,5.651505984,"N,N-diethyl-2-methoxy-N-methylethan-1-aminium",bis(trifluoromethylsulfonyl)imide,CC[N+](C)(CC)CCOC|C(F)(F)(F)S(=O)(=O)[N-]S(=O)(=O)C(F)(F)F,0.26
"N,N-diethyl-2-methoxy-N-methylethan-1-aminium tetrafluoroborate",178.6784728,5.221986933,7.34090278,"N,N-diethyl-2-methoxy-N-methylethan-1-aminium",tetrafluoroborate,CC[N+](C)(CC)CCOC|[B-](F)(F)(F)F,0.13
"N,N-diethyl-2-methoxy-N-methylethan-1-aminium trifluoro(trifluoromethyl)borate",160.4491059,4.266578299,6.240008778,"N,N-diethyl-2-methoxy-N-methylethan-1-aminium",trifluoro(trifluoromethyl)borate,CC[N+](C)(CC)CCOC|[B-](C(F)(F)F)(F)(F)F,0.306068067
"N,N-diethylprop-2-en-1-aminium triflate",170.9683654,3.813642068,5.135658287,"N,N-diethylprop-2-en-1-aminium",triflate,CC[N+](CC)(CC=C)CC1=CC=CC=C1|C(F)(F)(F)S(=O)(=O)[O-],0.352295038
"N,N-diethylprop-2-en-1-aminium trifluoromethanesulfonate",170.9683654,3.813642068,5.135658287,"N,N-diethylprop-2-en-1-aminium",trifluoromethanesulfonate,CC[N+](CC)(CC=C)CC1=CC=CC=C1|C(F)(F)(F)S(=O)(=O)[O-],0.352295038
"N,N-diethylpropan-1-aminium triflate",171.4437331,3.720941809,5.117747416,"N,N-diethylpropan-1-aminium",triflate,CCC[NH+](CC)CC|C(F)(F)(F)S(=O)(=O)[O-],0.320713818
"N,N-diethylpropan-1-aminium trifluoromethanesulfonate",171.4437331,3.720941809,5.117747416,"N,N-diethylpropan-1-aminium",trifluoromethanesulfonate,CCC[NH+](CC)CC|C(F)(F)(F)S(=O)(=O)[O-],0.320713818
"N,N-dimethyl-N-ethyl-N-pentylammonium bis(trifluoromethylsulfonyl)imide",174.4315212,4.298110076,6.448960545,"N,N-dimethyl-N-ethyl-N-pentylammonium",bis(trifluoromethylsulfonyl)imide,CCCCC[N+](C)(C)CC|C(F)(F)(F)S(=O)(=O)[N-]S(=O)(=O)C(F)(F)F,0.1392
"N,N-dimethylacetamidium bis(trifluoromethanesulfonyl)amide",184.8612124,4.00728803,5.244045162,"N,N-dimethylacetamidium",bis(trifluoromethanesulfonyl)amide,CC(=O)[NH+](C)C|C(F)(F)(F)S(=O)(=O)[N-]S(=O)(=O)C(F)(F)F,0.210066627
"N,N-dimethylacetamidium bis(trifluoromethylsulfonyl)imide",184.8612124,4.00728803,5.244045162,"N,N-dimethylacetamidium",bis(trifluoromethylsulfonyl)imide,CC(=O)[NH+](C)C|C(F)(F)(F)S(=O)(=O)[N-]S(=O)(=O)C(F)(F)F,0.210066627
"N,N-dimethylformamide bis 1,1,1-trifluoro-N-((trifluoromethyl)sulfonyl)methanesulfonamide (1:1)",176.7559032,3.949563659,4.365051366,"N,N-dimethylformamide","bis 1,1,1-trifluoro-N-((trifluoromethyl)sulfonyl)methanesulfonamide (1:1)",CN(C)C=O|C(F)(F)(F)S(=O)(=O)[N-]S(=O)(=O)C(F)(F)F,0.687
"N,N-dimethylprop-2-en-1-aminium triflate",176.1547913,4.168332679,4.42572566,"N,N-dimethylprop-2-en-1-aminium",triflate,CC[N+](C)(C)CC=C|C(F)(F)(F)S(=O)(=O)[O-],0.822724147
"N,N-dimethylprop-2-en-1-aminium trifluoromethanesulfonate",176.1547913,4.168332679,4.42572566,"N,N-dimethylprop-2-en-1-aminium",trifluoromethanesulfonate,CC[N+](C)(C)CC=C|C(F)(F)(F)S(=O)(=O)[O-],0.822724147
"N,N-dimethylpropan-1-aminium triflate",170.5524064,4.028724527,4.544388048,"N,N-dimethylpropan-1-aminium",triflate,CC[N+](C)(C)CCCO|C(F)(F)(F)S(=O)(=O)[O-],0.774906027
"N,N-dimethylpropan-1-aminium trifluoromethanesulfonate",170.5524064,4.028724527,4.544388048,"N,N-dimethylpropan-1-aminium",trifluoromethanesulfonate,CC[N+](C)(C)CCCO|C(F)(F)(F)S(=O)(=O)[O-],0.774906027
"N,N-dimethylpropionamidium bis(trifluoromethanesulfonyl)amide",176.7801916,4.081279427,5.623124044,"N,N-dimethylpropionamidium",bis(trifluoromethanesulfonyl)amide,CCC(=O)[NH+](C)C|C(F)(F)(F)S(=O)(=O)[N-]S(=O)(=O)C(F)(F)F,0.225
"N,N-dimethylpropionamidium bis(trifluoromethylsulfonyl)imide",176.7801916,4.081279427,5.623124044,"N,N-dimethylpropionamidium",bis(trifluoromethylsulfonyl)imide,CCC(=O)[NH+](C)C|C(F)(F)(F)S(=O)(=O)[N-]S(=O)(=O)C(F)(F)F,0.225
N-(2-aminoethyl)hexan-1-aminium bis(trifluoromethylsulfonyl)imide,137.4200363,7.316930468,14.86453323,N-(2-aminoethyl)hexan-1-aminium,bis(trifluoromethylsulfonyl)imide,C(C[N+](CCCCCC)([H])C)N([H])[H]|C(F)(F)(F)S(=O)(=O)[N-]S(=O)(=O)C(F)(F)F,0.0238
N-(2-ethylhexyl)ethylenediammonium trifluoroacetate,202.2010124,2.631498122,5.661628379,N-(2-ethylhexyl)ethylenediammonium,trifluoroacetate,CCCCC(CC)CNCCN|C(=O)(C(F)(F)F)[O-],0.0112
N-(2-hydroxyethyl)benzenaminium butyrate,172.3448,-3.847144357,4.107784311,N-(2-hydroxyethyl)benzenaminium,butyrate,C1=CC=C(C=C1)[NH2+]CCO|CCCC(=O)[O-],0.000435
N-(2-hydroxyethyl)benzenaminium hexanoate,171.0598899,-3.346226586,3.808478063,N-(2-hydroxyethyl)benzenaminium,hexanoate,C1=CC=C(C=C1)[NH2+]CCO|CCCCCC(=O)[O-],0.000954
N-(2-hydroxyethyl)benzenaminium pentanoate,83.00968046,-0.324572204,12.68387199,N-(2-hydroxyethyl)benzenaminium,pentanoate,C1=CC=C(C=C1)[NH2+]CCO|CCCCC(=O)[O-],0.000603
N-(2-hydroxyethyl)benzenaminium propionate,172.3448,-4.281861794,3.966766755,N-(2-hydroxyethyl)benzenaminium,propionate,C1=CC=C(C=C1)[NH2+]CCO|CCC(=O)[O-],0.000308
"N-3-hydroxypropyl-N,N-dimethyl-N-ethylammonium bis(trifluoromethylsulfonyl)imide",192.5012819,3.592888886,4.980849623,"N-3-hydroxypropyl-N,N-dimethyl-N-ethylammonium",bis(trifluoromethylsulfonyl)imide,CC[N+](C)(C)CCCO|C(F)(F)(F)S(=O)(=O)[N-]S(=O)(=O)C(F)(F)F,0.125
N-allyl-N-methylprop-2-en-1-aminium triflate,179.4249497,3.761486801,4.636648617,N-allyl-N-methylprop-2-en-1-aminium,triflate,CCCC[N+](C)(C)CC|C(F)(F)(F)S(=O)(=O)[O-],0.392251878
N-allyl-N-methylprop-2-en-1-aminium trifluoromethanesulfonate,179.4249497,3.761486801,4.636648617,N-allyl-N-methylprop-2-en-1-aminium,trifluoromethanesulfonate,CCCC[N+](C)(C)CC|C(F)(F)(F)S(=O)(=O)[O-],0.392251878
"N-butyl-N,N,N-tris(2-hydroxyethyl)ammonium bis(trifluoromethylsulfonyl)imide",195.0529254,4.079698778,7.018881422,"N-butyl-N,N,N-tris(2-hydroxyethyl)ammonium",bis(trifluoromethylsulfonyl)imide,CC[N+](CCO)(CCO)CCO|C(F)(F)(F)S(=O)(=O)[N-]S(=O)(=O)C(F)(F)F,0.016
"N-butyl-N,N-dimethyl-N-ethylammonium bis(trifluoromethylsulfonyl)imide",160.5484098,3.872809088,6.457777336,"N-butyl-N,N-dimethyl-N-ethylammonium",bis(trifluoromethylsulfonyl)imide,CCCC[N+](C)(C)CC|C(F)(F)(F)S(=O)(=O)[N-]S(=O)(=O)C(F)(F)F,0.182
N-butyronitrilepyridinium  bis(trifluoromethylsulfonyl)imide,233.7768498,2.978478131,2.873959041,N-butyronitrilepyridinium ,bis(trifluoromethylsulfonyl)imide,C1=CC=[N+](C=C1)CCCC#N|C(F)(F)(F)S(=O)(=O)[N-]S(=O)(=O)C(F)(F)F,0.091499951
N-butyronitrilepyridinium dicyanamide,234.9456945,4.252681911,2.520728889,N-butyronitrilepyridinium,dicyanamide,C#CCCC[N+]1=CC=CC=C1|C(#N)[N-]C#N,0.507
"N-ethyl-2-(2-methoxyethoxy)-N,N-dimethylethanaminium bis(trifluoromethylsulfonyl)imide",176.7429746,3.762664632,5.169421075,"N-ethyl-2-(2-methoxyethoxy)-N,N-dimethylethanaminium",bis(trifluoromethylsulfonyl)imide,CC[N+](C)(C)CCOCCOC|C(F)(F)(F)S(=O)(=O)[N-]S(=O)(=O)C(F)(F)F,0.257
"N-ethyl-N,N,N-tris(2-hydroxyethyl)ammonium bis(trifluoromethylsulfonyl)imide",196.1485117,4.036576431,6.51575519,"N-ethyl-N,N,N-tris(2-hydroxyethyl)ammonium",bis(trifluoromethylsulfonyl)imide,CC[N+](CCO)(CCO)CCO|C(F)(F)(F)S(=O)(=O)[N-]S(=O)(=O)C(F)(F)F,0.026
"N-ethyl-N,N-dimethyl-1-propanaminium 1,1,1-trifluoro-N-[(trifluoromethyl)sulfonyl]methanesulfonamide",94.60252694,2.599664126,6.681984438,"N-ethyl-N,N-dimethyl-1-propanaminium","1,1,1-trifluoro-N-[(trifluoromethyl)sulfonyl]methanesulfonamide",CCC[N+](C)(C)CC|C(F)(F)(F)S(=O)(=O)[N-]S(=O)(=O)C(F)(F)F,0.248
"N-ethyl-N,N-dimethyl-2-methoxyethylammonium bis(trifluoromethylsulfonyl)imide",257.9171378,0.026009035,0.42331484,"N-ethyl-N,N-dimethyl-2-methoxyethylammonium",bis(trifluoromethylsulfonyl)imide,CC[N+](C)(C)CCOC|C(F)(F)(F)S(=O)(=O)[N-]S(=O)(=O)C(F)(F)F,0.31
"N-ethyl-N,N-dimethylheptanaminium bis((trifluoromethyl)sulfonyl)amide",168.431511,4.393386426,7.446601113,"N-ethyl-N,N-dimethylheptanaminium",bis((trifluoromethyl)sulfonyl)amide,CCCCCCC[N+](C)(C)CC|C(F)(F)(F)S(=O)(=O)[N-]S(=O)(=O)C(F)(F)F,0.081
"N-ethyl-N,N-dimethylheptanaminium bis(trifluoromethylsulfonyl)imide",168.431511,4.393386426,7.446601113,"N-ethyl-N,N-dimethylheptanaminium",bis(trifluoromethylsulfonyl)imide,CCCCCCC[N+](C)(C)CC|C(F)(F)(F)S(=O)(=O)[N-]S(=O)(=O)C(F)(F)F,0.081
"N-ethyl-N,N-dimethylprop-2-en-1-aminium bis(trifluoromethylsulfonyl)imide",148.5215694,4.860407064,7.341743813,"N-ethyl-N,N-dimethylprop-2-en-1-aminium",bis(trifluoromethylsulfonyl)imide,CC[N+](C)(C)CC=C|C(F)(F)(F)S(=O)(=O)[N-]S(=O)(=O)C(F)(F)F,0.349
"N-ethyl-N,N-dimethylprop-2-en-1-aminium dicyanamide",161.5846523,4.548943491,4.420606947,"N-ethyl-N,N-dimethylprop-2-en-1-aminium",dicyanamide,CC[N+](C)(C)CC=C|C(#N)[N-]C#N,1.92
"N-ethyl-N,N-dimethylprop-2-en-1-aminium triflate",173.0960248,4.977122422,6.823360152,"N-ethyl-N,N-dimethylprop-2-en-1-aminium",triflate,CC[N+](C)(C)CC=C|C(F)(F)(F)S(=O)(=O)[O-],0.203
"N-ethyl-N,N-dimethylprop-2-en-1-aminium trifluoroacetate",169.3271246,4.876712358,6.314743331,"N-ethyl-N,N-dimethylprop-2-en-1-aminium",trifluoroacetate,CC[N+](C)(C)CC=C|C(=O)(C(F)(F)F)[O-],0.357
"N-ethyl-N-methyl-N,N-bis(2-hydroxyethyl)ammonium bis(trifluoromethanesulfonyl)amide",191.158099,3.744255306,5.621561034,"N-ethyl-N-methyl-N,N-bis(2-hydroxyethyl)ammonium",bis(trifluoromethanesulfonyl)amide,CC[N+](C)(CCO)CCO|C(F)(F)(F)S(=O)(=O)[N-]S(=O)(=O)C(F)(F)F,0.076
N-ethyl-N-methylpyrrolidinium ethylphosphonate,172.3448,2.589604662,4.205785863,N-ethyl-N-methylpyrrolidinium,ethylphosphonate,CC[N+]1(CCCC1)C|CCOP([O-])([H])=O,0.239
N-hexyl-N-methylpyrrolidinium hexylphosphonate,172.3448,-0.441791199,2.984216486,N-hexyl-N-methylpyrrolidinium,hexylphosphonate,CCCCCC[N+]1(CCCC1)C|CCCCCCOP([O-])([H])=O,0.037
N-hexylethylenediammonium triflate,73.3627116,7.95591155,21.04421476,N-hexylethylenediammonium,triflate,CCCCCC[N+]CCN|C(F)(F)(F)S(=O)(=O)[O-],0.036720715
N-hexylethylenediammonium trifluoroacetate,182.6558389,3.669942418,7.051672659,N-hexylethylenediammonium,trifluoroacetate,CCCCCC[N+]CCN|C(=O)(C(F)(F)F)[O-],0.0246
"N-methyl-N,N,N-tris(2-hydroxyethyl)ammonium bis(trifluoromethylsulfonyl)imide",202.350782,3.470640606,5.408965774,"N-methyl-N,N,N-tris(2-hydroxyethyl)ammonium",bis(trifluoromethylsulfonyl)imide,C[N+](CCO)(CCO)CCO|C(F)(F)(F)S(=O)(=O)[N-]S(=O)(=O)C(F)(F)F,0.036
"N-methyl-N,N-dioctyl-1-octanaminium chloride",33.9453505,11.38027329,38.088315,"N-methyl-N,N-dioctyl-1-octanaminium",chloride,CCCCCCCC[N+](C)(CCCCCCCC)CCCCCCCC|[Cl-],0.0026
N-methyl-N-octylpyrrolidinium octylphosphonate,172.3448,-0.496787205,3.012694933,N-methyl-N-octylpyrrolidinium,octylphosphonate,CCCCCCCC[N+]1(CCCC1)C|CCCCCCCCOP([O-])([H])=O,0.034
N-methyl-N-propylpropan-1-aminium triflate,159.9568174,4.091443525,5.907458757,N-methyl-N-propylpropan-1-aminium,triflate,CCC[NH+](C)CCC|C(F)(F)(F)S(=O)(=O)[O-],0.349859086
N-methyl-N-propylpropan-1-aminium trifluoromethanesulfonate,159.9568174,4.091443525,5.907458757,N-methyl-N-propylpropan-1-aminium,trifluoromethanesulfonate,CCC[NH+](C)CCC|C(F)(F)(F)S(=O)(=O)[O-],0.349859086
N-methyl-N-propylpyrrolidinium acetate,210.0285534,4.106169742,3.332111266,N-methyl-N-propylpyrrolidinium,acetate,CCC[N+]1(CCCC1)C|CC(=O)[O-],0.62
N-methyl-N-propylpyrrolidinium lactate,202.726236,4.09756916,4.574792851,N-methyl-N-propylpyrrolidinium,lactate,CCC[N+]1(CCCC1)C|CC(C(=O)[O-])O,0.2
N-methylpyrrolidone tetrafluoroborate,225.6954114,-3.523642423,3.287001095,N-methylpyrrolidone,tetrafluoroborate,CN1CCCC1=O|[B-](F)(F)(F)F,0.000125869
N-octyl-3-methylpyridinium tetrafluoroborate,169.7565998,5.704006513,9.582521097,N-octyl-3-methylpyridinium,tetrafluoroborate,CCCCCCCC[N+]1=CC=CC(=C1)C|[B-](F)(F)(F)F,0.0377
N-octylethylenediammonium triflate,170.8065388,4.143451991,8.617511481,N-octylethylenediammonium,triflate,CCCCCCCCNCCN|C(F)(F)(F)S(=O)(=O)[O-],0.018389036
N-octylethylenediammonium trifluoroacetate,217.8308945,1.904263169,3.916904686,N-octylethylenediammonium,trifluoroacetate,CCCCCCCCNCCN|C(=O)(C(F)(F)F)[O-],0.019037216
"N1-(2-ethylhexyl)ethane-1,2-diamine triflate",158.8018963,6.109652843,12.36690271,"N1-(2-ethylhexyl)ethane-1,2-diamine",triflate,CCCCC(CC)CNCCN|C(F)(F)(F)S(=O)(=O)[O-],0.0102
Tributylmethylphosphonium bis(trifluoromethylsulfonyl)imide,197.0915251,3.60837939,5.507239746,Tributylmethylphosphonium,bis(trifluoromethylsulfonyl)imide,CCCC[P+](C)(CCCC)CCCC|C(F)(F)(F)S(=O)(=O)[N-]S(=O)(=O)C(F)(F)F,0.052533905
bis(1-butyl-3-methylimidazolium) tetrathiocyanatocobaltate,192.2604902,4.948340653,6.119697394,bis(1-butyl-3-methylimidazolium),tetrathiocyanatocobaltate,CCCCN1C=C[N+](=C1)C|C(#N)[S-].C(#N)[S-].C(#N)[S-].C(#N)[S-].[Co+2],0.134
butylammonium acetate,172.3448,4.071574492,7.127586054,butylammonium,acetate,CCCC[NH3+]|CC(=O)[O-],0.065
butylammonium formate,172.3448,3.294838211,4.62623564,butylammonium,formate,CCCC[NH3+]|C(=O)[O-],0.31
butyltrimethylammonium bis(trifluoromethylsulfonyl)imide,176.6209145,4.10305404,5.733603789,butyltrimethylammonium,bis(trifluoromethylsulfonyl)imide,CCCC[N+](C)(C)C|C(F)(F)(F)S(=O)(=O)[N-]S(=O)(=O)C(F)(F)F,0.21
diethanolammonium formate,195.9985215,4.466685734,6.187628497,diethanolammonium,formate,C(CO)[NH2+]CCO|C(=O)[O-],0.055
diethylmethylammonium methanesulfonate,125.1031783,12.81605441,23.20547675,diethylmethylammonium,methanesulfonate,CC[NH+](C)CC|CS(=O)(=O)[O-],0.036396054
diethylmethylammonium triflate,194.6319073,3.357923732,3.155223606,diethylmethylammonium,triflate,CC[NH+](C)CC|C(F)(F)(F)S(=O)(=O)[O-],0.769
diethylmethylammonium trifluoromethanesulfonate,207.4351887,3.192079643,2.692007261,diethylmethylammonium,trifluoromethanesulfonate,CC[NH+](C)CC|C(F)(F)(F)S(=O)(=O)[O-],0.685737028
diethylmethylsulfonium bis(trifluoromethylsulfonyl)imide,162.9070034,4.289864306,5.243391962,diethylmethylsulfonium,bis(trifluoromethylsulfonyl)imide,CC[S+](C)CC|C(F)(F)(F)S(=O)(=O)[N-]S(=O)(=O)C(F)(F)F,0.688
diethylmethylsulfonium bis[(trifluoromethyl)sulfonyl]imide,162.9070034,4.289864306,5.243391962,diethylmethylsulfonium,bis[(trifluoromethyl)sulfonyl]imide,CC[S+](C)CC|C(F)(F)(F)S(=O)(=O)[N-]S(=O)(=O)C(F)(F)F,0.688
ethylammonium nitrate,182.5626334,4.374961062,3.383835356,ethylammonium,nitrate,CCN|C(F)(F)(F)S(=O)(=O)[O-],2.69
methyltrioctylammonium trifluoroacetate,153.6971158,4.961477012,13.71944298,methyltrioctylammonium,trifluoroacetate,CCCCCCCC[N+](C)(CCCCCCCC)CCCCCCCC|C(=O)(C(F)(F)F)[O-],0.001552
n-butylammonium nitrate,172.3448,0.091065849,0.285495786,n-butylammonium,nitrate,CCCC[N+](CCCC)(CCCC)CCCC|C(F)(F)(F)S(=O)(=O)[O-],0.867
piperidinium bis(trifluoromethylsulfonyl)imide,193.3183581,4.126469141,5.673698598,piperidinium,bis(trifluoromethylsulfonyl)imide,C1CC[NH2+]CC1|C(F)(F)(F)S(=O)(=O)[N-]S(=O)(=O)C(F)(F)F,0.092248062
propylammonium acetate,188.5455208,4.473523646,6.708844693,propylammonium,acetate,CCCN|CC(=O)[O-],0.06
propylammonium formate,135.320867,4.61995207,7.609415154,propylammonium,formate,CCCN|C(=O)[O-],0.36
pyrrolidinium bis(trifluoromethylsulfonyl)imide,180.156148,4.115584653,5.229480579,pyrrolidinium,bis(trifluoromethylsulfonyl)imide,C1CC[NH2+]C1|C(F)(F)(F)S(=O)(=O)[N-]S(=O)(=O)C(F)(F)F,0.296657902
pyrrolidinium nitrate,202.1429174,3.857643055,1.903078008,pyrrolidinium,nitrate,C1CC[NH2+]C1|C(F)(F)(F)S(=O)(=O)[O-],4.22
triethyloctylammonium bis(trifluoromethylsulfonyl)imide,209.6155134,3.110407423,4.393569348,triethyloctylammonium,bis(trifluoromethylsulfonyl)imide,CCCCCCCC[N+](CC)(CC)CC|C(F)(F)(F)S(=O)(=O)[N-]S(=O)(=O)C(F)(F)F,0.062
tetrabutylphosphonium L-prolinate,164.8121177,5.110088559,11.1394402,tetrabutylphosphonium,L-prolinate,CCCC[P+](CCCC)(CCCC)CCCC|C1C[C@H](NC1)C(=O)[O-],0.0073
tetraethylammonium diacetoxydifluoroborate,181.7415852,5.061859639,6.973162968,tetraethylammonium,diacetoxydifluoroborate,CC[N+](CC)(CC)CC|[B-](OC(=O)C)(OC(=O)C)(F)F,0.1167
tetraethylammonium difluorobis(trifluoroacetato)borate,168.0655227,4.161199401,5.402138199,tetraethylammonium,difluorobis(trifluoroacetato)borate,CC[N+](CC)(CC)CC|[B-](OC(=O)C(F)(F)F)(OC(=O)C(F)(F)F)(F)F,0.4341
tetraethylammonium difluoromono(oxalato)borate,187.1855502,4.163092459,5.549673032,tetraethylammonium,difluoromono(oxalato)borate,CC[N+](CC)(CC)CC|[B-]1(OC(=O)C(=O)O1)(F)F,0.156855197
"tributyl(3,3,4,4,5,5,6,6,7,7,8,8,8-tridecafluorooctyl)phosphonium tris(perfluoroethyl)trifluorophosphate",145.4461943,4.449499734,11.16277347,"tributyl(3,3,4,4,5,5,6,6,7,7,8,8,8-tridecafluorooctyl)phosphonium",tris(perfluoroethyl)trifluorophosphate,CCCC[P+](CCCC)(CCCC)CCC(C(C(C(C(C(F)(F)F)(F)F)(F)F)(F)F)(F)F)(F)F|F[P-](C(C(F)(F)F)(F)F)(C(C(F)(F)F)(F)F)(F)(F)C(C(F)(F)F)(F)F,0.013
tributylmethylammonium phenyltrifluoroborate,72.34318418,12.23303633,32.0777594,tributylmethylammonium,phenyltrifluoroborate,CCCC[N+](C)(CCCC)CCCC|F[B-](F)(F)C1=CC=CC=C1,0.007800129
tributylmethylphosphonium methyl sulfate,73.51430611,10.80588102,28.63613531,tributylmethylphosphonium,methyl sulfate,CCCC[P+](C)(CCCC)CCCC|O=S(OC)([O-])=O,0.010812359
tributyloctylphosphonium tris(pentafluoroethyl)trifluorophosphate,152.8586065,4.381195695,9.821238254,tributyloctylphosphonium,tris(pentafluoroethyl)trifluorophosphate,CCCCCCCC[P+](CCCC)(CCCC)CCCC|C(C(F)(F)[P-](C(C(F)(F)F)(F)F)(C(C(F)(F)F)(F)F)(F)(F)F)(F)(F)F,0.024
triethyl(2-methoxyethyl)phosphonium bis((trifluoromethyl)sulfonyl)amide,161.1934717,4.030623361,5.685061421,triethyl(2-methoxyethyl)phosphonium,bis((trifluoromethyl)sulfonyl)amide,CC[P+](CC)(CC)CCOC|C(F)(F)(F)S(=O)(=O)[N-]S(=O)(=O)C(F)(F)F,0.384
triethyl(2-methoxyethyl)phosphonium bis(trifluoromethylsulfonyl)imide,161.1934717,4.030623361,5.685061421,triethyl(2-methoxyethyl)phosphonium,bis(trifluoromethylsulfonyl)imide,CC[P+](CC)(CC)CCOC|C(F)(F)(F)S(=O)(=O)[N-]S(=O)(=O)C(F)(F)F,0.384
triethyl(pentyl)phosphonium bis((trifluoromethyl)sulfonyl)amide,195.07043,2.994728126,3.916080077,triethyl(pentyl)phosphonium,bis((trifluoromethyl)sulfonyl)amide,CCCCC[P+](CC)(CC)CC|C(F)(F)(F)S(=O)(=O)[N-]S(=O)(=O)C(F)(F)F,0.21
triethyl(pentyl)phosphonium bis(fluorosulfonyl)amide,151.0743797,4.502623616,6.454082969,triethyl(pentyl)phosphonium,bis(fluorosulfonyl)amide,CCCCC[P+](CC)(CC)CC|[N-](S(=O)(=O)F)S(=O)(=O)F,0.463
triethyl(pentyl)phosphonium bis(trifluoromethylsulfonyl)imide,184.8067,3.575597758,5.022820562,triethyl(pentyl)phosphonium,bis(trifluoromethylsulfonyl)imide,CCCCC[P+](CC)(CC)CC|C(F)(F)(F)S(=O)(=O)[N-]S(=O)(=O)C(F)(F)F,0.1465
triethylammonium acetate,57.91941403,5.339714595,12.79899371,triethylammonium,acetate,CC[NH+](CC)CC|CC(=O)[O-],0.341
triethylammonium dihydrogen phosphate,140.0582624,9.066855318,20.73877801,triethylammonium,dihydrogen phosphate,CC[NH+](CC)CC|OP(=O)(O)[O-],0.0012
triethylheptylammonium bis(trifluoromethylsulfonyl)imide,236.2574863,2.557474724,2.724259928,triethylheptylammonium,bis(trifluoromethylsulfonyl)imide,CCCCCCC[N+](CC)(CC)CC|C(F)(F)(F)S(=O)(=O)[N-]S(=O)(=O)C(F)(F)F,0.051
triethylheptylammonium bis[(trifluoromethyl)sulfonyl]imide,236.1686812,2.55950726,2.728503024,triethylheptylammonium,bis[(trifluoromethyl)sulfonyl]imide,CCCCCCC[N+](CC)(CC)CC|C(F)(F)(F)S(=O)(=O)[N-]S(=O)(=O)C(F)(F)F,0.051
triethylhexylammonium bis((trifluoromethyl)sulfonyl)imide,211.6642236,3.432527265,4.227853942,triethylhexylammonium,bis((trifluoromethyl)sulfonyl)imide,CCCCCC[N+](CC)(CC)CC|C(F)(F)(F)S(=O)(=O)[N-]S(=O)(=O)C(F)(F)F,0.0798
triethylhexylammonium bis(trifluoromethylsulfonyl)imide,211.6642236,3.432527265,4.227853942,triethylhexylammonium,bis(trifluoromethylsulfonyl)imide,CCCCCC[N+](CC)(CC)CC|C(F)(F)(F)S(=O)(=O)[N-]S(=O)(=O)C(F)(F)F,0.0798
triethyloctylammonium bis[(trifluoromethyl)sulfonyl]imide,230.7335893,2.554819675,3.135436937,triethyloctylammonium,bis[(trifluoromethyl)sulfonyl]imide,CCCCCCCC[N+](CC)(CC)CC|C(F)(F)(F)S(=O)(=O)[N-]S(=O)(=O)C(F)(F)F,0.033
triethylsulfonium bis((trifluoromethyl)sulfonyl)imide,164.9522035,4.224114101,5.06379982,triethylsulfonium,bis((trifluoromethyl)sulfonyl)imide,CC[S+](CC)CC|C(F)(F)(F)S(=O)(=O)[N-]S(=O)(=O)C(F)(F)F,0.708
trihexyl(isobutyl)phosphonium bromide,156.5585226,3.892038293,13.65790161,trihexyl(isobutyl)phosphonium,bromide,CCCCCC[P+](CCCCCC)(CCCCCC)CC(C)C|[Br-],0.000448291
trihexyl(tetradecyl)phosphonium acetate,190.9988979,2.021039312,6.493492253,trihexyl(tetradecyl)phosphonium,acetate,CCCCCCCCCCCCCC[P+](CCCCCC)(CCCCCC)CCCCCC|CC(=O)[O-],0.00554
trihexyl(tetradecyl)phosphonium butyrate,152.2288522,3.425732365,10.68110679,trihexyl(tetradecyl)phosphonium,butyrate,CCCCCCCCCCCCCC[P+](CCCCCC)(CCCCCC)CCCCCC|CCCC(=O)[O-],0.004615066
trihexyl(tetradecyl)phosphonium chloride,133.5842621,8.548181504,14.05193315,trihexyl(tetradecyl)phosphonium,chloride,CCCCCCCCCCCCCC[P+](CCCCCC)(CCCCCC)CCCCCC|[Cl-],0.178672393
trihexyl(tetradecyl)phosphonium hexanoate,162.3935202,2.757269019,9.625440956,trihexyl(tetradecyl)phosphonium,hexanoate,CCCCCCCCCCCCCC[P+](CCCCCC)(CCCCCC)CCCCCC|CCCCCC(=O)[O-],0.0033
trihexyl(tetradecyl)phosphonium octanoate,180.9582494,1.699212451,7.579731566,trihexyl(tetradecyl)phosphonium,octanoate,CCCCCCCCCCCCCC[P+](CCCCCC)(CCCCCC)CCCCCC|CCCCCCCC(=O)[O-],0.00228772
trihexyltetradecylphosphonium decanoate,145.2810582,2.818864465,11.69472676,trihexyltetradecylphosphonium,decanoate,CCCCCCCCCCCCCC[P+](CCCCCC)(CCCCCC)CCCCCC|CCCCCCCCCC(=O)[O-],0.00174
trihexyltetradecylphosphonium heptadecafluorononanoate,144.814557,2.776551424,11.69896681,trihexyltetradecylphosphonium,heptadecafluorononanoate,CCCCCCCCCCCCCC[P+](CCCCCC)(CCCCCC)CCCCCC|C(=O)(C(C(C(C(C(C(C(C(F)(F)F)(F)F)(F)F)(F)F)(F)F)(F)F)(F)F)(F)F)[O-],0.0017
trihexyltetradecylphosphonium heptadecafluorooctanesulfonate,154.1799516,2.998930816,12.31891144,trihexyltetradecylphosphonium,heptadecafluorooctanesulfonate,CCCCCCCCCCCCCC[P+](CCCCCC)(CCCCCC)CCCCCC|C(C(C(C(C(F)(F)S(=O)(=O)[O-])(F)F)(F)F)(F)F)(C(C(C(F)(F)F)(F)F)(F)F)(F)F,0.0007
trihexyltetradecylphosphonium nonafluorobutanesulfonate,151.7796686,2.901863861,10.92226311,trihexyltetradecylphosphonium,nonafluorobutanesulfonate,CCCCCCCCCCCCCC[P+](CCCCCC)(CCCCCC)CCCCCC|C(C(C(F)(F)S(=O)(=O)[O-])(F)F)(C(F)(F)F)(F)F,0.0023
trihexyltetradecylphosphonium nonafluoropentanoate,132.7060746,3.142627186,11.59274323,trihexyltetradecylphosphonium,nonafluoropentanoate,CCCCCCCCCCCCCC[P+](CCCCCC)(CCCCCC)CCCCCC|C(=O)(C(C(C(C(F)(F)F)(F)F)(F)F)(F)F)[O-],0.0053